Symbol,Kmean_Social_cluster
AADR,Neutral Social_Responsibility
AAXJ,Neutral Social_Responsibility
ABEQ,Neutral Social_Responsibility
ACES,High Social_Responsibility
ACIO,Low Social_Responsibility
ACSG,Neutral Social_Responsibility
ACSI,Low Social_Responsibility
ACTV,High Social_Responsibility
ACVF,Low Social_Responsibility
ACWF,Neutral Social_Responsibility
ACWI,Low Social_Responsibility
ACWV,Low Social_Responsibility
ACWX,Neutral Social_Responsibility
ADFI,High Social_Responsibility
ADME,Low Social_Responsibility
ADRE,Neutral Social_Responsibility
AESR,Low Social_Responsibility
AFIF,Neutral Social_Responsibility
AFK,Neutral Social_Responsibility
AFLG,Low Social_Responsibility
AFMC,High Social_Responsibility
AFSM,High Social_Responsibility
AFTY,Neutral Social_Responsibility
AGG,High Social_Responsibility
AGT,High Social_Responsibility
AGZ,High Social_Responsibility
AGZD,High Social_Responsibility
AIA,Neutral Social_Responsibility
AIEQ,High Social_Responsibility
AIIQ,High Social_Responsibility
AIQ,Low Social_Responsibility
AIRR,High Social_Responsibility
ALFA,High Social_Responsibility
ALTL,Neutral Social_Responsibility
ALTY,Low Social_Responsibility
AMCA,Neutral Social_Responsibility
AMER,Neutral Social_Responsibility
AMLP,Low Social_Responsibility
AMOM,Low Social_Responsibility
ANEW,Neutral Social_Responsibility
ANGL,Neutral Social_Responsibility
AOA,Low Social_Responsibility
AOK,High Social_Responsibility
AOM,Neutral Social_Responsibility
AOR,Neutral Social_Responsibility
ARCM,Low Social_Responsibility
ARGT,High Social_Responsibility
ARKF,High Social_Responsibility
ARKG,High Social_Responsibility
ARKK,High Social_Responsibility
ARKQ,High Social_Responsibility
ARKW,High Social_Responsibility
ARMR,Low Social_Responsibility
ASEA,Neutral Social_Responsibility
ASET,Low Social_Responsibility
ASHR,Neutral Social_Responsibility
ASHX,Neutral Social_Responsibility
AUSF,Low Social_Responsibility
AVDE,Neutral Social_Responsibility
AVDV,High Social_Responsibility
AVEM,Neutral Social_Responsibility
AVIG,High Social_Responsibility
AVSF,High Social_Responsibility
AVUS,Low Social_Responsibility
AVUV,High Social_Responsibility
AWAY,High Social_Responsibility
AWTM,Low Social_Responsibility
BATT,Low Social_Responsibility
BBAX,Low Social_Responsibility
BBC,High Social_Responsibility
BBCA,Low Social_Responsibility
BBEU,Neutral Social_Responsibility
BBH,High Social_Responsibility
BBIN,Neutral Social_Responsibility
BBJP,Neutral Social_Responsibility
BBMC,High Social_Responsibility
BBP,High Social_Responsibility
BBRE,High Social_Responsibility
BBSA,High Social_Responsibility
BBSC,High Social_Responsibility
BBUS,Low Social_Responsibility
BETZ,Neutral Social_Responsibility
BFIT,High Social_Responsibility
BFOR,High Social_Responsibility
BFTR,High Social_Responsibility
BGRN,High Social_Responsibility
BIB,High Social_Responsibility
BIBL,Neutral Social_Responsibility
BICK,Neutral Social_Responsibility
BIL,High Social_Responsibility
BILS,High Social_Responsibility
BIV,High Social_Responsibility
BJK,Neutral Social_Responsibility
BKAG,High Social_Responsibility
BKEM,Neutral Social_Responsibility
BKF,Neutral Social_Responsibility
BKHY,Neutral Social_Responsibility
BKIE,Neutral Social_Responsibility
BKLC,Low Social_Responsibility
BKMC,High Social_Responsibility
BKSB,Low Social_Responsibility
BKSE,High Social_Responsibility
BLCN,Low Social_Responsibility
BLDG,High Social_Responsibility
BLES,Neutral Social_Responsibility
BLHY,Neutral Social_Responsibility
BLOK,High Social_Responsibility
BLV,Low Social_Responsibility
BMED,High Social_Responsibility
BND,High Social_Responsibility
BNDC,Low Social_Responsibility
BNDW,High Social_Responsibility
BNDX,High Social_Responsibility
BNE,High Social_Responsibility
BOSS,High Social_Responsibility
BOTZ,High Social_Responsibility
BOUT,High Social_Responsibility
BRF,High Social_Responsibility
BRZU,Low Social_Responsibility
BSAE,High Social_Responsibility
BSBE,Neutral Social_Responsibility
BSCE,Neutral Social_Responsibility
BSCL,Low Social_Responsibility
BSCM,Low Social_Responsibility
BSCN,Low Social_Responsibility
BSCO,Low Social_Responsibility
BSCP,Low Social_Responsibility
BSCQ,Low Social_Responsibility
BSCR,Low Social_Responsibility
BSCS,Low Social_Responsibility
BSCT,Low Social_Responsibility
BSCU,Low Social_Responsibility
BSDE,High Social_Responsibility
BSJL,Neutral Social_Responsibility
BSJM,Neutral Social_Responsibility
BSJN,Neutral Social_Responsibility
BSJO,Neutral Social_Responsibility
BSJP,Neutral Social_Responsibility
BSJQ,Neutral Social_Responsibility
BSJR,Neutral Social_Responsibility
BSJS,Neutral Social_Responsibility
BSV,High Social_Responsibility
BTEC,High Social_Responsibility
BTEK,High Social_Responsibility
BUG,High Social_Responsibility
BUL,High Social_Responsibility
BUYZ,High Social_Responsibility
BWX,High Social_Responsibility
BYLD,High Social_Responsibility
CACG,Low Social_Responsibility
CALF,High Social_Responsibility
CARZ,Low Social_Responsibility
CATH,Low Social_Responsibility
CBSE,High Social_Responsibility
CBTG,High Social_Responsibility
CCON,High Social_Responsibility
CCOR,Low Social_Responsibility
CDC,Neutral Social_Responsibility
CDL,Neutral Social_Responsibility
CEFA,Neutral Social_Responsibility
CEMB,Neutral Social_Responsibility
CEY,Neutral Social_Responsibility
CFA,Neutral Social_Responsibility
CFCV,Low Social_Responsibility
CFO,Neutral Social_Responsibility
CGW,High Social_Responsibility
CHB,High Social_Responsibility
CHGX,Neutral Social_Responsibility
CHIC,High Social_Responsibility
CHIE,High Social_Responsibility
CHIH,High Social_Responsibility
CHII,High Social_Responsibility
CHIK,High Social_Responsibility
CHIL,Neutral Social_Responsibility
CHIM,Low Social_Responsibility
CHIQ,Neutral Social_Responsibility
CHIR,Neutral Social_Responsibility
CHIS,Neutral Social_Responsibility
CHIU,Neutral Social_Responsibility
CHIX,Neutral Social_Responsibility
CIBR,High Social_Responsibility
CID,Neutral Social_Responsibility
CIL,Neutral Social_Responsibility
CIZ,Neutral Social_Responsibility
CLIX,Low Social_Responsibility
CLOU,High Social_Responsibility
CLRG,Low Social_Responsibility
CN,Neutral Social_Responsibility
CNCR,High Social_Responsibility
CNRG,High Social_Responsibility
CNXT,High Social_Responsibility
CNYA,Neutral Social_Responsibility
COPX,Low Social_Responsibility
CORP,Low Social_Responsibility
COWZ,Low Social_Responsibility
CPI,High Social_Responsibility
CQQQ,High Social_Responsibility
CRAK,Low Social_Responsibility
CRBN,Low Social_Responsibility
CSA,High Social_Responsibility
CSB,High Social_Responsibility
CSD,Neutral Social_Responsibility
CSF,High Social_Responsibility
CSM,Low Social_Responsibility
CSML,High Social_Responsibility
CTEC,High Social_Responsibility
CURE,High Social_Responsibility
CUT,High Social_Responsibility
CVY,Low Social_Responsibility
CWB,High Social_Responsibility
CWEB,High Social_Responsibility
CWI,Neutral Social_Responsibility
CWS,High Social_Responsibility
CXSE,Neutral Social_Responsibility
CZA,High Social_Responsibility
DALI,High Social_Responsibility
DALT,High Social_Responsibility
DAX,Neutral Social_Responsibility
DBEF,Neutral Social_Responsibility
DBEM,Neutral Social_Responsibility
DBEU,Neutral Social_Responsibility
DBEZ,Neutral Social_Responsibility
DBGR,Neutral Social_Responsibility
DBJP,Neutral Social_Responsibility
DBLV,Low Social_Responsibility
DDIV,High Social_Responsibility
DDLS,High Social_Responsibility
DDM,Low Social_Responsibility
DDWM,Neutral Social_Responsibility
DEEF,Neutral Social_Responsibility
DEEP,High Social_Responsibility
DEF,Low Social_Responsibility
DEFA,Neutral Social_Responsibility
DEM,Low Social_Responsibility
DEMZ,Neutral Social_Responsibility
DES,High Social_Responsibility
DEUS,High Social_Responsibility
DEW,Neutral Social_Responsibility
DFAE,Neutral Social_Responsibility
DFAI,Neutral Social_Responsibility
DFAU,Low Social_Responsibility
DFE,High Social_Responsibility
DFEN,Low Social_Responsibility
DFJ,Neutral Social_Responsibility
DFND,High Social_Responsibility
DFNL,Low Social_Responsibility
DFNV,High Social_Responsibility
DGRE,Neutral Social_Responsibility
DGRO,Low Social_Responsibility
DGRS,High Social_Responsibility
DGRW,Low Social_Responsibility
DGT,Low Social_Responsibility
DHS,Neutral Social_Responsibility
DIA,Low Social_Responsibility
DIAL,High Social_Responsibility
DIG,Low Social_Responsibility
DIM,Neutral Social_Responsibility
DINT,Neutral Social_Responsibility
DIV,Neutral Social_Responsibility
DIVA,High Social_Responsibility
DIVB,Low Social_Responsibility
DIVO,Low Social_Responsibility
DJD,Low Social_Responsibility
DLN,Low Social_Responsibility
DLS,High Social_Responsibility
DMDV,Neutral Social_Responsibility
DMRE,Neutral Social_Responsibility
DMRI,Neutral Social_Responsibility
DMRL,Low Social_Responsibility
DMRM,High Social_Responsibility
DMRS,High Social_Responsibility
DMXF,High Social_Responsibility
DNL,High Social_Responsibility
DOL,Neutral Social_Responsibility
DON,High Social_Responsibility
DOO,Neutral Social_Responsibility
DPST,High Social_Responsibility
DRIV,Low Social_Responsibility
DRN,High Social_Responsibility
DRSK,Low Social_Responsibility
DRW,High Social_Responsibility
DSI,Low Social_Responsibility
DSTL,Low Social_Responsibility
DSTX,Neutral Social_Responsibility
DTD,Low Social_Responsibility
DTEC,High Social_Responsibility
DTH,Neutral Social_Responsibility
DTN,Neutral Social_Responsibility
DURA,Neutral Social_Responsibility
DUSA,Low Social_Responsibility
DUSL,Low Social_Responsibility
DVLU,High Social_Responsibility
DVOL,High Social_Responsibility
DVY,Neutral Social_Responsibility
DVYA,Neutral Social_Responsibility
DVYE,Neutral Social_Responsibility
DWAS,High Social_Responsibility
DWAT,Low Social_Responsibility
DWAW,High Social_Responsibility
DWCR,Neutral Social_Responsibility
DWEQ,High Social_Responsibility
DWFI,High Social_Responsibility
DWLD,Low Social_Responsibility
DWM,Neutral Social_Responsibility
DWMF,Neutral Social_Responsibility
DWPP,Low Social_Responsibility
DWX,Neutral Social_Responsibility
DXGE,Neutral Social_Responsibility
DXJ,Neutral Social_Responsibility
DXJS,Neutral Social_Responsibility
DYHG,Low Social_Responsibility
DYNF,Low Social_Responsibility
EAGG,High Social_Responsibility
EAOA,Low Social_Responsibility
EAOK,High Social_Responsibility
EAOM,High Social_Responsibility
EAOR,Neutral Social_Responsibility
EASG,Neutral Social_Responsibility
EBIZ,Neutral Social_Responsibility
EBLU,High Social_Responsibility
EBND,High Social_Responsibility
ECH,Neutral Social_Responsibility
ECLN,Neutral Social_Responsibility
ECON,Neutral Social_Responsibility
ECOW,Neutral Social_Responsibility
ECOZ,Low Social_Responsibility
EDC,High Social_Responsibility
EDEN,High Social_Responsibility
EDIV,Neutral Social_Responsibility
EDOC,High Social_Responsibility
EDOG,Neutral Social_Responsibility
EDOW,Low Social_Responsibility
EDUT,High Social_Responsibility
EELV,Neutral Social_Responsibility
EEM,Neutral Social_Responsibility
EEMA,Neutral Social_Responsibility
EEMD,Neutral Social_Responsibility
EEMO,Neutral Social_Responsibility
EEMV,Neutral Social_Responsibility
EEMX,Neutral Social_Responsibility
EES,High Social_Responsibility
EFA,Neutral Social_Responsibility
EFAD,Neutral Social_Responsibility
EFAS,Neutral Social_Responsibility
EFAV,Neutral Social_Responsibility
EFAX,Neutral Social_Responsibility
EFG,Neutral Social_Responsibility
EFIV,Low Social_Responsibility
EFNL,High Social_Responsibility
EFV,Neutral Social_Responsibility
EGIS,Low Social_Responsibility
EIDO,Neutral Social_Responsibility
EINC,Low Social_Responsibility
EIRL,High Social_Responsibility
EIS,Neutral Social_Responsibility
EKAR,Low Social_Responsibility
ELD,High Social_Responsibility
EMAG,High Social_Responsibility
EMB,High Social_Responsibility
EMBD,High Social_Responsibility
EMBH,High Social_Responsibility
EMCB,Neutral Social_Responsibility
EMDV,Neutral Social_Responsibility
EMFM,Neutral Social_Responsibility
EMGF,Neutral Social_Responsibility
EMHY,Low Social_Responsibility
EMIF,Neutral Social_Responsibility
EMLC,High Social_Responsibility
EMLP,Neutral Social_Responsibility
EMMF,Neutral Social_Responsibility
EMNT,High Social_Responsibility
EMQQ,Neutral Social_Responsibility
EMSG,Neutral Social_Responsibility
EMSH,High Social_Responsibility
EMTL,Neutral Social_Responsibility
EMXC,Neutral Social_Responsibility
EMXF,Neutral Social_Responsibility
ENFR,Low Social_Responsibility
ENOR,Neutral Social_Responsibility
ENTR,High Social_Responsibility
ENZL,High Social_Responsibility
EPHE,Neutral Social_Responsibility
EPI,Neutral Social_Responsibility
EPOL,Neutral Social_Responsibility
EPP,Low Social_Responsibility
EPRF,High Social_Responsibility
EPS,Low Social_Responsibility
EPU,Low Social_Responsibility
EQAL,Neutral Social_Responsibility
EQL,Low Social_Responsibility
EQOP,Low Social_Responsibility
EQRR,Low Social_Responsibility
EQWL,Low Social_Responsibility
ERM,Low Social_Responsibility
ERSX,High Social_Responsibility
ERUS,Neutral Social_Responsibility
ERX,Low Social_Responsibility
ESCR,Low Social_Responsibility
ESEB,High Social_Responsibility
ESG,Low Social_Responsibility
ESGA,Low Social_Responsibility
ESGD,Neutral Social_Responsibility
ESGE,Neutral Social_Responsibility
ESGG,Low Social_Responsibility
ESGN,Neutral Social_Responsibility
ESGS,Neutral Social_Responsibility
ESGU,Low Social_Responsibility
ESGV,Low Social_Responsibility
ESHY,Neutral Social_Responsibility
ESML,High Social_Responsibility
ESNG,Low Social_Responsibility
ESPO,High Social_Responsibility
ETHO,High Social_Responsibility
EUDG,Neutral Social_Responsibility
EUDV,Neutral Social_Responsibility
EUFN,Neutral Social_Responsibility
EURL,High Social_Responsibility
EURZ,Neutral Social_Responsibility
EUSA,Neutral Social_Responsibility
EUSB,High Social_Responsibility
EUSC,High Social_Responsibility
EVX,High Social_Responsibility
EWA,Low Social_Responsibility
EWC,Low Social_Responsibility
EWCO,Neutral Social_Responsibility
EWD,High Social_Responsibility
EWEB,Neutral Social_Responsibility
EWG,Neutral Social_Responsibility
EWGS,High Social_Responsibility
EWH,Neutral Social_Responsibility
EWI,Neutral Social_Responsibility
EWJ,Neutral Social_Responsibility
EWJE,Neutral Social_Responsibility
EWJV,Neutral Social_Responsibility
EWK,Neutral Social_Responsibility
EWL,Low Social_Responsibility
EWM,Neutral Social_Responsibility
EWMC,High Social_Responsibility
EWN,High Social_Responsibility
EWO,Neutral Social_Responsibility
EWP,Neutral Social_Responsibility
EWQ,Neutral Social_Responsibility
EWRE,High Social_Responsibility
EWS,Neutral Social_Responsibility
EWSC,High Social_Responsibility
EWT,High Social_Responsibility
EWU,Low Social_Responsibility
EWUS,High Social_Responsibility
EWW,Low Social_Responsibility
EWY,Neutral Social_Responsibility
EWZ,Low Social_Responsibility
EWZS,High Social_Responsibility
EXI,Low Social_Responsibility
EZA,Neutral Social_Responsibility
EZM,High Social_Responsibility
EZU,Neutral Social_Responsibility
FAB,Neutral Social_Responsibility
FAD,High Social_Responsibility
FALN,Neutral Social_Responsibility
FAN,Neutral Social_Responsibility
FAS,Low Social_Responsibility
FBCG,Low Social_Responsibility
FBCV,Low Social_Responsibility
FBND,High Social_Responsibility
FBT,High Social_Responsibility
FBZ,Low Social_Responsibility
FCA,Neutral Social_Responsibility
FCEF,High Social_Responsibility
FCG,High Social_Responsibility
FCOM,Low Social_Responsibility
FCOR,Low Social_Responsibility
FCPI,Low Social_Responsibility
FCTR,Low Social_Responsibility
FCVT,High Social_Responsibility
FDD,Neutral Social_Responsibility
FDEM,Neutral Social_Responsibility
FDEV,Neutral Social_Responsibility
FDG,Low Social_Responsibility
FDHY,High Social_Responsibility
FDIS,Low Social_Responsibility
FDIV,High Social_Responsibility
FDL,Neutral Social_Responsibility
FDLO,Low Social_Responsibility
FDMO,Low Social_Responsibility
FDN,Low Social_Responsibility
FDNI,Neutral Social_Responsibility
FDRR,Low Social_Responsibility
FDT,Neutral Social_Responsibility
FDTS,High Social_Responsibility
FDVV,Low Social_Responsibility
FEM,Neutral Social_Responsibility
FEMB,High Social_Responsibility
FENY,Low Social_Responsibility
FEP,Neutral Social_Responsibility
FEUZ,Neutral Social_Responsibility
FEVR,High Social_Responsibility
FEX,Neutral Social_Responsibility
FEZ,Neutral Social_Responsibility
FFHG,Low Social_Responsibility
FFIU,Low Social_Responsibility
FFR,High Social_Responsibility
FFSG,Neutral Social_Responsibility
FFTG,Neutral Social_Responsibility
FFTI,Neutral Social_Responsibility
FFTY,High Social_Responsibility
FGD,Neutral Social_Responsibility
FGM,High Social_Responsibility
FHLC,High Social_Responsibility
FICS,Neutral Social_Responsibility
FID,Neutral Social_Responsibility
FIDI,Neutral Social_Responsibility
FIDU,Low Social_Responsibility
FILL,Low Social_Responsibility
FINX,High Social_Responsibility
FISR,Neutral Social_Responsibility
FITE,Low Social_Responsibility
FIVA,Neutral Social_Responsibility
FIVG,High Social_Responsibility
FIW,High Social_Responsibility
FJNK,Neutral Social_Responsibility
FJP,Neutral Social_Responsibility
FKU,Neutral Social_Responsibility
FLAU,Low Social_Responsibility
FLAX,Neutral Social_Responsibility
FLBR,Low Social_Responsibility
FLCA,Low Social_Responsibility
FLCB,High Social_Responsibility
FLCH,Neutral Social_Responsibility
FLCO,Low Social_Responsibility
FLDR,Low Social_Responsibility
FLEE,Neutral Social_Responsibility
FLEH,Neutral Social_Responsibility
FLFR,Neutral Social_Responsibility
FLGB,Low Social_Responsibility
FLGR,Neutral Social_Responsibility
FLHK,Neutral Social_Responsibility
FLHY,Neutral Social_Responsibility
FLIA,High Social_Responsibility
FLIN,High Social_Responsibility
FLIY,Neutral Social_Responsibility
FLJH,Neutral Social_Responsibility
FLJP,Neutral Social_Responsibility
FLKR,Neutral Social_Responsibility
FLLA,Low Social_Responsibility
FLLV,Low Social_Responsibility
FLM,Neutral Social_Responsibility
FLMX,Low Social_Responsibility
FLN,Low Social_Responsibility
FLOT,Low Social_Responsibility
FLQD,Low Social_Responsibility
FLQE,Neutral Social_Responsibility
FLQG,Low Social_Responsibility
FLQH,Neutral Social_Responsibility
FLQL,Low Social_Responsibility
FLQM,High Social_Responsibility
FLQS,High Social_Responsibility
FLRG,Low Social_Responsibility
FLRN,Low Social_Responsibility
FLRU,Neutral Social_Responsibility
FLSA,High Social_Responsibility
FLSP,Low Social_Responsibility
FLSW,Low Social_Responsibility
FLTB,Low Social_Responsibility
FLTR,Low Social_Responsibility
FLTW,High Social_Responsibility
FLUD,Low Social_Responsibility
FLV,Low Social_Responsibility
FLYT,High Social_Responsibility
FLZA,Neutral Social_Responsibility
FMAT,High Social_Responsibility
FMIL,Low Social_Responsibility
FNCL,Low Social_Responsibility
FNDA,High Social_Responsibility
FNDB,Low Social_Responsibility
FNDC,High Social_Responsibility
FNDE,Neutral Social_Responsibility
FNDF,Neutral Social_Responsibility
FNDX,Low Social_Responsibility
FNI,Neutral Social_Responsibility
FNK,High Social_Responsibility
FNX,High Social_Responsibility
FNY,High Social_Responsibility
FOVL,High Social_Responsibility
FPA,Neutral Social_Responsibility
FPE,Neutral Social_Responsibility
FPEI,Neutral Social_Responsibility
FPX,High Social_Responsibility
FPXE,High Social_Responsibility
FPXI,High Social_Responsibility
FQAL,Low Social_Responsibility
FRAK,High Social_Responsibility
FRDM,Neutral Social_Responsibility
FREL,High Social_Responsibility
FRI,High Social_Responsibility
FSMD,High Social_Responsibility
FSTA,Low Social_Responsibility
FSZ,High Social_Responsibility
FTA,Neutral Social_Responsibility
FTAG,Neutral Social_Responsibility
FTC,High Social_Responsibility
FTCS,Low Social_Responsibility
FTEC,Low Social_Responsibility
FTHI,Low Social_Responsibility
FTLB,Low Social_Responsibility
FTLS,High Social_Responsibility
FTRI,Low Social_Responsibility
FTSM,Low Social_Responsibility
FTXD,Low Social_Responsibility
FTXG,Neutral Social_Responsibility
FTXH,High Social_Responsibility
FTXL,High Social_Responsibility
FTXN,High Social_Responsibility
FTXO,High Social_Responsibility
FTXR,High Social_Responsibility
FUTY,Neutral Social_Responsibility
FV,High Social_Responsibility
FVAL,Low Social_Responsibility
FVC,High Social_Responsibility
FVD,Neutral Social_Responsibility
FWDB,High Social_Responsibility
FXD,High Social_Responsibility
FXG,Neutral Social_Responsibility
FXH,High Social_Responsibility
FXI,Neutral Social_Responsibility
FXL,High Social_Responsibility
FXN,High Social_Responsibility
FXO,High Social_Responsibility
FXR,High Social_Responsibility
FXU,Neutral Social_Responsibility
FXZ,High Social_Responsibility
FYC,High Social_Responsibility
FYLD,Low Social_Responsibility
FYT,High Social_Responsibility
FYX,High Social_Responsibility
GAA,High Social_Responsibility
GAL,Neutral Social_Responsibility
GAMR,High Social_Responsibility
GBDV,Neutral Social_Responsibility
GBF,High Social_Responsibility
GBGR,High Social_Responsibility
GBLO,Low Social_Responsibility
GCOR,High Social_Responsibility
GCOW,Neutral Social_Responsibility
GDMA,Low Social_Responsibility
GDX,Low Social_Responsibility
GDXJ,High Social_Responsibility
GEM,Neutral Social_Responsibility
GENY,High Social_Responsibility
GERM,High Social_Responsibility
GHYB,Neutral Social_Responsibility
GHYG,Neutral Social_Responsibility
GIGB,Low Social_Responsibility
GIGE,High Social_Responsibility
GII,Neutral Social_Responsibility
GINN,Low Social_Responsibility
GLCN,Neutral Social_Responsibility
GLIF,Low Social_Responsibility
GLIN,High Social_Responsibility
GLRY,High Social_Responsibility
GMF,Neutral Social_Responsibility
GMOM,High Social_Responsibility
GNOM,High Social_Responsibility
GNR,Low Social_Responsibility
GOAT,Low Social_Responsibility
GOAU,High Social_Responsibility
GOEX,High Social_Responsibility
GQRE,High Social_Responsibility
GRES,Low Social_Responsibility
GRID,Neutral Social_Responsibility
GRNB,Neutral Social_Responsibility
GSEE,Neutral Social_Responsibility
GSEU,Neutral Social_Responsibility
GSEW,Neutral Social_Responsibility
GSID,Neutral Social_Responsibility
GSIE,Neutral Social_Responsibility
GSIG,Low Social_Responsibility
GSJY,Neutral Social_Responsibility
GSLC,Low Social_Responsibility
GSSC,High Social_Responsibility
GSUS,Low Social_Responsibility
GSY,Low Social_Responsibility
GUNR,Low Social_Responsibility
GURU,Low Social_Responsibility
GVI,High Social_Responsibility
GVIP,Low Social_Responsibility
GWX,High Social_Responsibility
GXC,Neutral Social_Responsibility
GXF,High Social_Responsibility
GXG,Neutral Social_Responsibility
GXTG,High Social_Responsibility
GYLD,High Social_Responsibility
HACK,High Social_Responsibility
HAIL,High Social_Responsibility
HAP,Low Social_Responsibility
HAUZ,High Social_Responsibility
HAWX,Neutral Social_Responsibility
HDAW,Neutral Social_Responsibility
HDEF,Neutral Social_Responsibility
HDG,High Social_Responsibility
HDGE,High Social_Responsibility
HDIV,Low Social_Responsibility
HDMV,Neutral Social_Responsibility
HDV,Low Social_Responsibility
HEDJ,Neutral Social_Responsibility
HEEM,Neutral Social_Responsibility
HEFA,Neutral Social_Responsibility
HELX,High Social_Responsibility
HERD,Neutral Social_Responsibility
HERO,High Social_Responsibility
HEWC,Low Social_Responsibility
HEWG,Neutral Social_Responsibility
HEWJ,Neutral Social_Responsibility
HEWU,Low Social_Responsibility
HEWW,Low Social_Responsibility
HEZU,Neutral Social_Responsibility
HFXI,Neutral Social_Responsibility
HIBL,High Social_Responsibility
HIPR,Low Social_Responsibility
HJPX,Neutral Social_Responsibility
HLAL,Low Social_Responsibility
HNDL,High Social_Responsibility
HOLD,Low Social_Responsibility
HOMZ,High Social_Responsibility
HSCZ,High Social_Responsibility
HSMV,High Social_Responsibility
HTEC,High Social_Responsibility
HTUS,Low Social_Responsibility
HUSV,Low Social_Responsibility
HYDB,Neutral Social_Responsibility
HYDW,Neutral Social_Responsibility
HYEM,Neutral Social_Responsibility
HYG,Neutral Social_Responsibility
HYGH,Neutral Social_Responsibility
HYGV,Neutral Social_Responsibility
HYHG,Neutral Social_Responsibility
HYLB,Neutral Social_Responsibility
HYLV,Neutral Social_Responsibility
HYS,Neutral Social_Responsibility
HYTR,Neutral Social_Responsibility
HYUP,Neutral Social_Responsibility
HYXU,Neutral Social_Responsibility
HYZD,Neutral Social_Responsibility
IAGG,High Social_Responsibility
IAI,Low Social_Responsibility
IAK,High Social_Responsibility
IAT,High Social_Responsibility
IBB,High Social_Responsibility
IBBJ,High Social_Responsibility
IBCE,Low Social_Responsibility
IBD,High Social_Responsibility
IBDD,Low Social_Responsibility
IBDM,Low Social_Responsibility
IBDN,Low Social_Responsibility
IBDO,Low Social_Responsibility
IBDP,Low Social_Responsibility
IBDQ,Low Social_Responsibility
IBDR,Low Social_Responsibility
IBDS,Low Social_Responsibility
IBDT,Low Social_Responsibility
IBDU,Low Social_Responsibility
IBDV,Low Social_Responsibility
IBHA,Low Social_Responsibility
IBHB,Neutral Social_Responsibility
IBHC,Neutral Social_Responsibility
IBHD,Neutral Social_Responsibility
IBHE,Neutral Social_Responsibility
IBHF,Neutral Social_Responsibility
IBND,Low Social_Responsibility
IBUY,High Social_Responsibility
ICF,High Social_Responsibility
ICLN,High Social_Responsibility
ICOL,Neutral Social_Responsibility
ICOW,Neutral Social_Responsibility
ICSH,Low Social_Responsibility
ICVT,High Social_Responsibility
IDEV,Neutral Social_Responsibility
IDHD,Neutral Social_Responsibility
IDHQ,Neutral Social_Responsibility
IDLB,Neutral Social_Responsibility
IDLV,Neutral Social_Responsibility
IDMO,High Social_Responsibility
IDNA,High Social_Responsibility
IDOG,Neutral Social_Responsibility
IDRV,Low Social_Responsibility
IDU,Neutral Social_Responsibility
IDV,Neutral Social_Responsibility
IDX,Neutral Social_Responsibility
IECS,Low Social_Responsibility
IEDI,Low Social_Responsibility
IEFA,Neutral Social_Responsibility
IEFN,Low Social_Responsibility
IEHS,High Social_Responsibility
IEIH,High Social_Responsibility
IEME,Neutral Social_Responsibility
IEMG,Neutral Social_Responsibility
IEO,High Social_Responsibility
IETC,Low Social_Responsibility
IEUR,Neutral Social_Responsibility
IEUS,High Social_Responsibility
IEV,Neutral Social_Responsibility
IEZ,High Social_Responsibility
IFGL,High Social_Responsibility
IFRA,High Social_Responsibility
IFV,Neutral Social_Responsibility
IG,Low Social_Responsibility
IGBH,Low Social_Responsibility
IGE,Low Social_Responsibility
IGEB,Low Social_Responsibility
IGF,Neutral Social_Responsibility
IGHG,Low Social_Responsibility
IGIB,Low Social_Responsibility
IGLB,Low Social_Responsibility
IGM,Low Social_Responsibility
IGN,High Social_Responsibility
IGRO,Neutral Social_Responsibility
IGSB,Low Social_Responsibility
IGV,High Social_Responsibility
IHAK,High Social_Responsibility
IHDG,Low Social_Responsibility
IHE,High Social_Responsibility
IHF,High Social_Responsibility
IHI,High Social_Responsibility
IHY,Neutral Social_Responsibility
IIGD,Low Social_Responsibility
IIGV,Neutral Social_Responsibility
IJH,High Social_Responsibility
IJJ,High Social_Responsibility
IJK,High Social_Responsibility
IJR,High Social_Responsibility
IJS,High Social_Responsibility
IJT,High Social_Responsibility
ILF,Low Social_Responsibility
ILTB,Low Social_Responsibility
IMOM,High Social_Responsibility
IMTM,Neutral Social_Responsibility
INDA,High Social_Responsibility
INDF,Neutral Social_Responsibility
INDL,High Social_Responsibility
INDS,High Social_Responsibility
INDY,High Social_Responsibility
INFR,Neutral Social_Responsibility
INKM,High Social_Responsibility
INTF,Neutral Social_Responsibility
IOO,Low Social_Responsibility
IPAC,Neutral Social_Responsibility
IPAY,High Social_Responsibility
IPFF,Low Social_Responsibility
IPKW,Neutral Social_Responsibility
IPO,High Social_Responsibility
IPOS,High Social_Responsibility
IQDE,Neutral Social_Responsibility
IQDF,Neutral Social_Responsibility
IQDG,Low Social_Responsibility
IQDY,Neutral Social_Responsibility
IQIN,Neutral Social_Responsibility
IQLT,Neutral Social_Responsibility
IQM,High Social_Responsibility
IQSI,Neutral Social_Responsibility
IQSU,Low Social_Responsibility
IRBO,High Social_Responsibility
ISCF,High Social_Responsibility
ISDX,Neutral Social_Responsibility
ISEM,Neutral Social_Responsibility
ISMD,High Social_Responsibility
ISRA,Neutral Social_Responsibility
ISTB,High Social_Responsibility
ISZE,Neutral Social_Responsibility
ITA,Low Social_Responsibility
ITB,High Social_Responsibility
ITEQ,High Social_Responsibility
ITOT,Low Social_Responsibility
IUS,Low Social_Responsibility
IUSB,High Social_Responsibility
IUSG,Low Social_Responsibility
IUSS,High Social_Responsibility
IUSV,Low Social_Responsibility
IVAL,Neutral Social_Responsibility
IVDG,High Social_Responsibility
IVE,Low Social_Responsibility
IVES,High Social_Responsibility
IVLC,Low Social_Responsibility
IVLU,Neutral Social_Responsibility
IVOG,High Social_Responsibility
IVOL,High Social_Responsibility
IVOO,High Social_Responsibility
IVOV,High Social_Responsibility
IVRA,High Social_Responsibility
IVSG,Low Social_Responsibility
IVV,Low Social_Responsibility
IVW,Low Social_Responsibility
IWB,Low Social_Responsibility
IWD,Low Social_Responsibility
IWF,Low Social_Responsibility
IWFH,High Social_Responsibility
IWL,Low Social_Responsibility
IWM,High Social_Responsibility
IWN,High Social_Responsibility
IWO,High Social_Responsibility
IWP,High Social_Responsibility
IWR,High Social_Responsibility
IWS,Neutral Social_Responsibility
IWV,Low Social_Responsibility
IWX,Low Social_Responsibility
IWY,Low Social_Responsibility
IXC,Low Social_Responsibility
IXG,Low Social_Responsibility
IXJ,High Social_Responsibility
IXN,Low Social_Responsibility
IXP,Low Social_Responsibility
IXSE,High Social_Responsibility
IXUS,Neutral Social_Responsibility
IYC,Low Social_Responsibility
IYE,Low Social_Responsibility
IYF,Low Social_Responsibility
IYG,Low Social_Responsibility
IYH,High Social_Responsibility
IYJ,Low Social_Responsibility
IYK,Low Social_Responsibility
IYLD,High Social_Responsibility
IYM,High Social_Responsibility
IYR,High Social_Responsibility
IYT,High Social_Responsibility
IYW,Low Social_Responsibility
IYY,Low Social_Responsibility
IYZ,Neutral Social_Responsibility
JAGG,High Social_Responsibility
JCTR,Low Social_Responsibility
JDIV,Neutral Social_Responsibility
JEPI,Low Social_Responsibility
JETS,Neutral Social_Responsibility
JGLD,High Social_Responsibility
JHCS,Neutral Social_Responsibility
JHEM,Neutral Social_Responsibility
JHMA,High Social_Responsibility
JHMC,Low Social_Responsibility
JHMD,Neutral Social_Responsibility
JHME,High Social_Responsibility
JHMF,High Social_Responsibility
JHMH,High Social_Responsibility
JHMI,Low Social_Responsibility
JHML,Low Social_Responsibility
JHMM,High Social_Responsibility
JHMS,Low Social_Responsibility
JHMT,High Social_Responsibility
JHMU,Neutral Social_Responsibility
JHSC,High Social_Responsibility
JIG,Neutral Social_Responsibility
JIGB,Low Social_Responsibility
JMIN,Neutral Social_Responsibility
JMOM,High Social_Responsibility
JNK,Neutral Social_Responsibility
JNUG,High Social_Responsibility
JOET,High Social_Responsibility
JPEM,Neutral Social_Responsibility
JPHY,Neutral Social_Responsibility
JPIN,Neutral Social_Responsibility
JPMB,High Social_Responsibility
JPME,High Social_Responsibility
JPN,Neutral Social_Responsibility
JPSE,High Social_Responsibility
JPST,Low Social_Responsibility
JPUS,Neutral Social_Responsibility
JPXN,Neutral Social_Responsibility
JQUA,Low Social_Responsibility
JSMD,High Social_Responsibility
JSML,High Social_Responsibility
JSTC,High Social_Responsibility
JUST,Low Social_Responsibility
JVAL,Low Social_Responsibility
JXI,Neutral Social_Responsibility
KALL,Neutral Social_Responsibility
KARS,High Social_Responsibility
KBA,Neutral Social_Responsibility
KBE,High Social_Responsibility
KBUY,Neutral Social_Responsibility
KBWB,Low Social_Responsibility
KBWP,High Social_Responsibility
KBWR,High Social_Responsibility
KBWY,High Social_Responsibility
KCCB,Neutral Social_Responsibility
KCE,High Social_Responsibility
KDFI,Neutral Social_Responsibility
KEMQ,High Social_Responsibility
KEMX,Neutral Social_Responsibility
KESG,Neutral Social_Responsibility
KFVG,High Social_Responsibility
KFYP,Neutral Social_Responsibility
KGRN,High Social_Responsibility
KIE,High Social_Responsibility
KLCD,High Social_Responsibility
KLDW,Neutral Social_Responsibility
KMED,High Social_Responsibility
KNG,Low Social_Responsibility
KNGS,Neutral Social_Responsibility
KOIN,Low Social_Responsibility
KOKU,Low Social_Responsibility
KOMP,High Social_Responsibility
KORP,Low Social_Responsibility
KORU,High Social_Responsibility
KRE,High Social_Responsibility
KRMA,Low Social_Responsibility
KSA,High Social_Responsibility
KSCD,High Social_Responsibility
KURE,High Social_Responsibility
KVLE,Low Social_Responsibility
KWEB,Neutral Social_Responsibility
KWT,High Social_Responsibility
KXI,Low Social_Responsibility
LABU,High Social_Responsibility
LBAY,Neutral Social_Responsibility
LCR,Low Social_Responsibility
LDEM,Neutral Social_Responsibility
LDRS,High Social_Responsibility
LDUR,High Social_Responsibility
LEAD,High Social_Responsibility
LEGR,Low Social_Responsibility
LEND,Neutral Social_Responsibility
LFEQ,Low Social_Responsibility
LGH,Low Social_Responsibility
LGLV,Neutral Social_Responsibility
LIT,High Social_Responsibility
LIV,Low Social_Responsibility
LKOR,Low Social_Responsibility
LNGR,High Social_Responsibility
LOUP,High Social_Responsibility
LOWC,Low Social_Responsibility
LQD,Low Social_Responsibility
LQDH,Low Social_Responsibility
LQDI,Low Social_Responsibility
LRGE,Low Social_Responsibility
LRGF,Low Social_Responsibility
LRNZ,High Social_Responsibility
LSAF,Neutral Social_Responsibility
LSAT,Neutral Social_Responsibility
LSLT,Neutral Social_Responsibility
LTL,Neutral Social_Responsibility
LUXE,High Social_Responsibility
LVHD,Neutral Social_Responsibility
LVHI,Neutral Social_Responsibility
LYFE,Neutral Social_Responsibility
MAGA,Neutral Social_Responsibility
MCHI,Neutral Social_Responsibility
MCRO,High Social_Responsibility
MDIV,High Social_Responsibility
MDY,High Social_Responsibility
MDYG,High Social_Responsibility
MDYV,High Social_Responsibility
MEXX,Neutral Social_Responsibility
MFDX,Neutral Social_Responsibility
MFEM,Neutral Social_Responsibility
MFMS,High Social_Responsibility
MFUS,Low Social_Responsibility
MGC,Low Social_Responsibility
MGK,Low Social_Responsibility
MGMT,High Social_Responsibility
MGV,Low Social_Responsibility
MIDF,High Social_Responsibility
MIDU,High Social_Responsibility
MILN,Low Social_Responsibility
MINT,Low Social_Responsibility
MJ,Neutral Social_Responsibility
MLPA,Low Social_Responsibility
MLPX,Low Social_Responsibility
MMLG,Low Social_Responsibility
MMTM,Low Social_Responsibility
MNA,High Social_Responsibility
MOAT,Low Social_Responsibility
MOO,Neutral Social_Responsibility
MOON,High Social_Responsibility
MORT,High Social_Responsibility
MOTI,Low Social_Responsibility
MOTO,High Social_Responsibility
MSTB,Low Social_Responsibility
MSVX,High Social_Responsibility
MTUM,Low Social_Responsibility
MVV,High Social_Responsibility
MXDU,Neutral Social_Responsibility
MXI,Low Social_Responsibility
NACP,Low Social_Responsibility
NANR,Low Social_Responsibility
NEAR,Low Social_Responsibility
NERD,High Social_Responsibility
NETL,High Social_Responsibility
NFRA,Low Social_Responsibility
NFTY,Neutral Social_Responsibility
NGE,High Social_Responsibility
NIFE,High Social_Responsibility
NLR,Neutral Social_Responsibility
NOBL,Low Social_Responsibility
NORW,Neutral Social_Responsibility
NTSX,Low Social_Responsibility
NUBD,High Social_Responsibility
NUDM,Neutral Social_Responsibility
NUEM,Neutral Social_Responsibility
NUGT,High Social_Responsibility
NUHY,High Social_Responsibility
NULC,Low Social_Responsibility
NULG,High Social_Responsibility
NULV,Low Social_Responsibility
NUMG,High Social_Responsibility
NUMV,High Social_Responsibility
NURE,High Social_Responsibility
NUSA,High Social_Responsibility
NUSC,High Social_Responsibility
NUSI,Low Social_Responsibility
NVQ,High Social_Responsibility
NXTG,High Social_Responsibility
OBOR,Neutral Social_Responsibility
OCIO,Low Social_Responsibility
OEF,Low Social_Responsibility
OEUR,Neutral Social_Responsibility
OGIG,Low Social_Responsibility
OIH,High Social_Responsibility
OLD,High Social_Responsibility
OMFL,High Social_Responsibility
OMFS,High Social_Responsibility
ONEO,High Social_Responsibility
ONEQ,Low Social_Responsibility
ONEV,High Social_Responsibility
ONEY,Neutral Social_Responsibility
ONLN,Low Social_Responsibility
OSCV,High Social_Responsibility
OUSA,Low Social_Responsibility
OUSM,High Social_Responsibility
OVB,High Social_Responsibility
OVF,Neutral Social_Responsibility
OVL,Low Social_Responsibility
OVS,High Social_Responsibility
PALC,Neutral Social_Responsibility
PAMC,High Social_Responsibility
PAVE,High Social_Responsibility
PAWZ,High Social_Responsibility
PBD,High Social_Responsibility
PBDM,Neutral Social_Responsibility
PBE,High Social_Responsibility
PBEE,Neutral Social_Responsibility
PBJ,Neutral Social_Responsibility
PBND,High Social_Responsibility
PBP,Low Social_Responsibility
PBS,High Social_Responsibility
PBSM,High Social_Responsibility
PBTP,High Social_Responsibility
PBUS,Low Social_Responsibility
PDEV,Neutral Social_Responsibility
PDN,High Social_Responsibility
PDP,High Social_Responsibility
PEJ,Neutral Social_Responsibility
PEXL,High Social_Responsibility
PEY,Neutral Social_Responsibility
PFF,Low Social_Responsibility
PFFA,High Social_Responsibility
PFFD,Low Social_Responsibility
PFFR,High Social_Responsibility
PFFV,Low Social_Responsibility
PFI,High Social_Responsibility
PFIG,Low Social_Responsibility
PFLD,Low Social_Responsibility
PFM,Low Social_Responsibility
PFXF,Neutral Social_Responsibility
PGAL,Neutral Social_Responsibility
PGF,Low Social_Responsibility
PGHY,High Social_Responsibility
PGJ,Neutral Social_Responsibility
PGX,Low Social_Responsibility
PHB,Neutral Social_Responsibility
PHO,High Social_Responsibility
PHYL,Neutral Social_Responsibility
PICB,Low Social_Responsibility
PICK,Low Social_Responsibility
PID,Neutral Social_Responsibility
PIE,Neutral Social_Responsibility
PILL,High Social_Responsibility
PIN,High Social_Responsibility
PIO,High Social_Responsibility
PIZ,High Social_Responsibility
PJP,High Social_Responsibility
PKB,High Social_Responsibility
PKW,Low Social_Responsibility
PLAT,Low Social_Responsibility
PNQI,Low Social_Responsibility
PPA,Low Social_Responsibility
PPH,High Social_Responsibility
PPTY,High Social_Responsibility
PQDI,Neutral Social_Responsibility
PQIN,Neutral Social_Responsibility
PQLC,Neutral Social_Responsibility
PQSG,High Social_Responsibility
PREF,Low Social_Responsibility
PRF,Low Social_Responsibility
PRFZ,High Social_Responsibility
PRN,High Social_Responsibility
PRNT,High Social_Responsibility
PSC,High Social_Responsibility
PSCC,Neutral Social_Responsibility
PSCD,High Social_Responsibility
PSCE,High Social_Responsibility
PSCF,High Social_Responsibility
PSCH,High Social_Responsibility
PSCI,High Social_Responsibility
PSCM,High Social_Responsibility
PSCT,High Social_Responsibility
PSCU,High Social_Responsibility
PSET,Neutral Social_Responsibility
PSI,High Social_Responsibility
PSJ,High Social_Responsibility
PSK,Low Social_Responsibility
PSL,Neutral Social_Responsibility
PSMB,Neutral Social_Responsibility
PSMC,High Social_Responsibility
PSMG,Neutral Social_Responsibility
PSMM,High Social_Responsibility
PSP,High Social_Responsibility
PSR,High Social_Responsibility
PTBD,Neutral Social_Responsibility
PTEU,Neutral Social_Responsibility
PTF,High Social_Responsibility
PTH,High Social_Responsibility
PTIN,Neutral Social_Responsibility
PTLC,Low Social_Responsibility
PTMC,High Social_Responsibility
PTNQ,Low Social_Responsibility
PUI,Neutral Social_Responsibility
PWB,Low Social_Responsibility
PWC,Low Social_Responsibility
PWS,Low Social_Responsibility
PWV,Low Social_Responsibility
PXE,High Social_Responsibility
PXF,Neutral Social_Responsibility
PXH,Neutral Social_Responsibility
PXI,High Social_Responsibility
PXJ,High Social_Responsibility
PXQ,High Social_Responsibility
PY,High Social_Responsibility
PYZ,High Social_Responsibility
QABA,High Social_Responsibility
QAI,High Social_Responsibility
QARP,Low Social_Responsibility
QCLN,High Social_Responsibility
QDEF,Low Social_Responsibility
QDF,Low Social_Responsibility
QDIV,Neutral Social_Responsibility
QDYN,Low Social_Responsibility
QED,Neutral Social_Responsibility
QEFA,Neutral Social_Responsibility
QEMM,Neutral Social_Responsibility
QGRO,High Social_Responsibility
QINT,Neutral Social_Responsibility
QLC,Low Social_Responsibility
QLD,Low Social_Responsibility
QLS,Low Social_Responsibility
QLTA,Low Social_Responsibility
QLV,Low Social_Responsibility
QLVD,Neutral Social_Responsibility
QLVE,Neutral Social_Responsibility
QMJ,Low Social_Responsibility
QMN,High Social_Responsibility
QMOM,High Social_Responsibility
QQC,Low Social_Responsibility
QQD,Low Social_Responsibility
QQEW,High Social_Responsibility
QQH,Low Social_Responsibility
QQQ,Low Social_Responsibility
QQQE,High Social_Responsibility
QQQJ,High Social_Responsibility
QQQM,Low Social_Responsibility
QQQN,High Social_Responsibility
QQXT,High Social_Responsibility
QRFT,High Social_Responsibility
QSY,Neutral Social_Responsibility
QTEC,High Social_Responsibility
QTUM,Neutral Social_Responsibility
QUAL,Low Social_Responsibility
QUS,Low Social_Responsibility
QVAL,Low Social_Responsibility
QWLD,Low Social_Responsibility
QYLD,Low Social_Responsibility
QYLG,Low Social_Responsibility
RAFE,Low Social_Responsibility
RALS,Low Social_Responsibility
RAVI,Low Social_Responsibility
RBUS,Neutral Social_Responsibility
RCD,Neutral Social_Responsibility
RDIV,Low Social_Responsibility
RDOG,High Social_Responsibility
RDVY,Low Social_Responsibility
RECS,Low Social_Responsibility
REET,High Social_Responsibility
REGL,High Social_Responsibility
REM,High Social_Responsibility
REMX,High Social_Responsibility
RESD,Neutral Social_Responsibility
RESE,Neutral Social_Responsibility
RESP,Low Social_Responsibility
RETL,High Social_Responsibility
REVS,Low Social_Responsibility
REZ,High Social_Responsibility
RFAP,Neutral Social_Responsibility
RFCI,Low Social_Responsibility
RFDA,Low Social_Responsibility
RFDI,Neutral Social_Responsibility
RFEM,Neutral Social_Responsibility
RFEU,Neutral Social_Responsibility
RFFC,Low Social_Responsibility
RFG,High Social_Responsibility
RFUN,Neutral Social_Responsibility
RFV,High Social_Responsibility
RGI,Low Social_Responsibility
RHS,Low Social_Responsibility
RIGS,Neutral Social_Responsibility
RING,Low Social_Responsibility
RISN,Neutral Social_Responsibility
RLY,Low Social_Responsibility
RNDM,Neutral Social_Responsibility
RNDV,Low Social_Responsibility
RNEM,Neutral Social_Responsibility
RNLC,Neutral Social_Responsibility
RNMC,High Social_Responsibility
RNRG,High Social_Responsibility
RNSC,High Social_Responsibility
ROAM,Neutral Social_Responsibility
ROBO,High Social_Responsibility
ROBT,High Social_Responsibility
RODE,Neutral Social_Responsibility
RODM,Neutral Social_Responsibility
ROKT,Low Social_Responsibility
ROM,Low Social_Responsibility
ROMO,Low Social_Responsibility
ROOF,High Social_Responsibility
ROSC,High Social_Responsibility
ROUS,Low Social_Responsibility
RPAR,Low Social_Responsibility
RPG,High Social_Responsibility
RPV,Neutral Social_Responsibility
RSP,Neutral Social_Responsibility
RSX,Neutral Social_Responsibility
RTH,Low Social_Responsibility
RTM,High Social_Responsibility
RUSL,High Social_Responsibility
RVRS,High Social_Responsibility
RWGV,Low Social_Responsibility
RWJ,High Social_Responsibility
RWK,High Social_Responsibility
RWL,Low Social_Responsibility
RWO,High Social_Responsibility
RWR,High Social_Responsibility
RWVG,Low Social_Responsibility
RWX,High Social_Responsibility
RXI,Low Social_Responsibility
RXL,High Social_Responsibility
RYE,High Social_Responsibility
RYF,High Social_Responsibility
RYH,High Social_Responsibility
RYJ,High Social_Responsibility
RYLD,High Social_Responsibility
RYT,High Social_Responsibility
RYU,Neutral Social_Responsibility
RZG,High Social_Responsibility
RZV,High Social_Responsibility
SAA,High Social_Responsibility
SBIO,High Social_Responsibility
SCHA,High Social_Responsibility
SCHB,Low Social_Responsibility
SCHC,High Social_Responsibility
SCHD,Low Social_Responsibility
SCHE,Neutral Social_Responsibility
SCHF,Neutral Social_Responsibility
SCHG,Low Social_Responsibility
SCHH,High Social_Responsibility
SCHI,Low Social_Responsibility
SCHJ,Low Social_Responsibility
SCHK,Low Social_Responsibility
SCHM,High Social_Responsibility
SCHO,High Social_Responsibility
SCHP,High Social_Responsibility
SCHQ,High Social_Responsibility
SCHV,Low Social_Responsibility
SCHX,Low Social_Responsibility
SCHZ,High Social_Responsibility
SCJ,Neutral Social_Responsibility
SCZ,High Social_Responsibility
SDEI,Low Social_Responsibility
SDEM,Neutral Social_Responsibility
SDG,Neutral Social_Responsibility
SDGA,Low Social_Responsibility
SDIV,Neutral Social_Responsibility
SDOG,Neutral Social_Responsibility
SDVY,High Social_Responsibility
SDY,Neutral Social_Responsibility
SECT,Low Social_Responsibility
SFHY,Neutral Social_Responsibility
SFIG,Low Social_Responsibility
SFY,Low Social_Responsibility
SFYF,Low Social_Responsibility
SFYX,High Social_Responsibility
SGDJ,High Social_Responsibility
SGDM,Low Social_Responsibility
SHAG,High Social_Responsibility
SHE,Neutral Social_Responsibility
SHLD,Low Social_Responsibility
SHYG,Neutral Social_Responsibility
SHYL,Neutral Social_Responsibility
SIL,High Social_Responsibility
SILJ,High Social_Responsibility
SIMS,High Social_Responsibility
SIXA,Low Social_Responsibility
SIXH,Low Social_Responsibility
SIXL,High Social_Responsibility
SIXS,High Social_Responsibility
SIZE,Neutral Social_Responsibility
SJNK,Neutral Social_Responsibility
SKOR,Low Social_Responsibility
SKYU,High Social_Responsibility
SKYY,High Social_Responsibility
SLQD,Low Social_Responsibility
SLT,Neutral Social_Responsibility
SLVP,High Social_Responsibility
SLX,Low Social_Responsibility
SLY,High Social_Responsibility
SLYG,High Social_Responsibility
SLYV,High Social_Responsibility
SMCP,High Social_Responsibility
SMDV,High Social_Responsibility
SMDY,High Social_Responsibility
SMEZ,High Social_Responsibility
SMH,High Social_Responsibility
SMLF,High Social_Responsibility
SMLV,High Social_Responsibility
SMMD,High Social_Responsibility
SMMV,High Social_Responsibility
SMOG,High Social_Responsibility
SNPE,Low Social_Responsibility
SNSR,High Social_Responsibility
SNUG,Neutral Social_Responsibility
SOCL,High Social_Responsibility
SOXL,High Social_Responsibility
SOXS,High Social_Responsibility
SOXX,High Social_Responsibility
SPAB,High Social_Responsibility
SPBO,Low Social_Responsibility
SPD,Low Social_Responsibility
SPDV,Neutral Social_Responsibility
SPDW,Neutral Social_Responsibility
SPEM,Neutral Social_Responsibility
SPEU,Neutral Social_Responsibility
SPFF,Low Social_Responsibility
SPGM,Low Social_Responsibility
SPGP,Neutral Social_Responsibility
SPHB,Neutral Social_Responsibility
SPHD,Neutral Social_Responsibility
SPHQ,Low Social_Responsibility
SPHY,Neutral Social_Responsibility
SPIB,Low Social_Responsibility
SPIP,High Social_Responsibility
SPLB,Low Social_Responsibility
SPLG,Low Social_Responsibility
SPLV,Low Social_Responsibility
SPMD,High Social_Responsibility
SPMO,Low Social_Responsibility
SPMV,Low Social_Responsibility
SPRE,High Social_Responsibility
SPSB,Low Social_Responsibility
SPSK,High Social_Responsibility
SPSM,High Social_Responsibility
SPTI,High Social_Responsibility
SPTM,Low Social_Responsibility
SPTS,High Social_Responsibility
SPUC,Low Social_Responsibility
SPUS,Low Social_Responsibility
SPUU,Low Social_Responsibility
SPVM,Neutral Social_Responsibility
SPVU,Low Social_Responsibility
SPXB,Low Social_Responsibility
SPXE,Low Social_Responsibility
SPXL,Low Social_Responsibility
SPXN,Low Social_Responsibility
SPXT,Low Social_Responsibility
SPXV,Low Social_Responsibility
SPY,Low Social_Responsibility
SPYC,Low Social_Responsibility
SPYD,Neutral Social_Responsibility
SPYG,Low Social_Responsibility
SPYV,Low Social_Responsibility
SPYX,Low Social_Responsibility
SQEW,Neutral Social_Responsibility
SQLV,High Social_Responsibility
SRET,Neutral Social_Responsibility
SRVR,High Social_Responsibility
SSLY,High Social_Responsibility
SSO,Low Social_Responsibility
SSPY,Neutral Social_Responsibility
STLC,Low Social_Responsibility
STLG,Low Social_Responsibility
STLV,Low Social_Responsibility
STMB,High Social_Responsibility
STSB,High Social_Responsibility
SUSA,Low Social_Responsibility
SUSB,Low Social_Responsibility
SUSC,Low Social_Responsibility
SUSL,Low Social_Responsibility
SVAL,High Social_Responsibility
SWAN,High Social_Responsibility
SYE,Low Social_Responsibility
SYG,Low Social_Responsibility
SYLD,High Social_Responsibility
SYV,Low Social_Responsibility
SZNE,Neutral Social_Responsibility
TAAG,High Social_Responsibility
TACE,Low Social_Responsibility
TADS,Neutral Social_Responsibility
TAEQ,High Social_Responsibility
TAN,High Social_Responsibility
TCHP,Low Social_Responsibility
TCTL,Neutral Social_Responsibility
TDIV,Low Social_Responsibility
TDSA,Low Social_Responsibility
TDSB,Low Social_Responsibility
TDSC,Low Social_Responsibility
TDSD,Low Social_Responsibility
TDSE,Low Social_Responsibility
TDV,High Social_Responsibility
TDVG,Low Social_Responsibility
TECB,Low Social_Responsibility
TECL,Low Social_Responsibility
TEGS,Low Social_Responsibility
TEQI,Low Social_Responsibility
TERM,Low Social_Responsibility
TFIV,High Social_Responsibility
TFLT,High Social_Responsibility
TGRW,Low Social_Responsibility
THD,Neutral Social_Responsibility
THNQ,High Social_Responsibility
THY,Neutral Social_Responsibility
TILT,Low Social_Responsibility
TIPX,High Social_Responsibility
TLTD,Neutral Social_Responsibility
TLTE,Neutral Social_Responsibility
TMDV,Low Social_Responsibility
TMF,High Social_Responsibility
TMFC,Low Social_Responsibility
TNA,High Social_Responsibility
TOK,Low Social_Responsibility
TOKE,Neutral Social_Responsibility
TOLZ,Low Social_Responsibility
TPAY,High Social_Responsibility
TPHD,Neutral Social_Responsibility
TPIF,Neutral Social_Responsibility
TPLC,High Social_Responsibility
TPOR,High Social_Responsibility
TPSC,High Social_Responsibility
TPYP,Low Social_Responsibility
TQQQ,Low Social_Responsibility
TRND,Neutral Social_Responsibility
TRTY,High Social_Responsibility
TTAC,Low Social_Responsibility
TUR,Neutral Social_Responsibility
TUSA,High Social_Responsibility
TYD,High Social_Responsibility
UAE,Neutral Social_Responsibility
UBOT,High Social_Responsibility
UCC,Low Social_Responsibility
UDOW,Low Social_Responsibility
UEVM,Neutral Social_Responsibility
UFO,Low Social_Responsibility
UGE,Low Social_Responsibility
UITB,High Social_Responsibility
UIVM,Neutral Social_Responsibility
ULST,Low Social_Responsibility
ULVM,Neutral Social_Responsibility
UMDD,High Social_Responsibility
UPRO,Low Social_Responsibility
UPW,Neutral Social_Responsibility
URE,High Social_Responsibility
URTH,Low Social_Responsibility
USAI,Low Social_Responsibility
USD,High Social_Responsibility
USEQ,High Social_Responsibility
USHY,Neutral Social_Responsibility
USI,Low Social_Responsibility
USIG,Low Social_Responsibility
USLB,Neutral Social_Responsibility
USMC,Low Social_Responsibility
USMF,Neutral Social_Responsibility
USMV,Low Social_Responsibility
USRT,High Social_Responsibility
USSG,Low Social_Responsibility
USVM,High Social_Responsibility
USXF,High Social_Responsibility
UTES,Neutral Social_Responsibility
UTRN,Neutral Social_Responsibility
UTSL,Neutral Social_Responsibility
UWM,High Social_Responsibility
UXI,Low Social_Responsibility
UYG,High Social_Responsibility
UYM,High Social_Responsibility
VALQ,Low Social_Responsibility
VALT,Low Social_Responsibility
VAMO,High Social_Responsibility
VAW,High Social_Responsibility
VB,High Social_Responsibility
VBK,High Social_Responsibility
VBND,High Social_Responsibility
VBR,High Social_Responsibility
VCAR,High Social_Responsibility
VCEB,Low Social_Responsibility
VCIT,Low Social_Responsibility
VCLO,High Social_Responsibility
VCLT,Low Social_Responsibility
VCR,Low Social_Responsibility
VCSH,Low Social_Responsibility
VDC,Low Social_Responsibility
VDE,Low Social_Responsibility
VEA,Neutral Social_Responsibility
VEGA,Low Social_Responsibility
VEGI,Neutral Social_Responsibility
VEGN,High Social_Responsibility
VETS,Low Social_Responsibility
VEU,Neutral Social_Responsibility
VFH,Low Social_Responsibility
VFIN,High Social_Responsibility
VFLQ,High Social_Responsibility
VFMF,High Social_Responsibility
VFMO,High Social_Responsibility
VFMV,Low Social_Responsibility
VFQY,High Social_Responsibility
VFVA,Neutral Social_Responsibility
VGK,Neutral Social_Responsibility
VGT,Low Social_Responsibility
VHT,High Social_Responsibility
VIDI,Neutral Social_Responsibility
VIG,Low Social_Responsibility
VIGI,Neutral Social_Responsibility
VIOG,High Social_Responsibility
VIOO,High Social_Responsibility
VIOV,High Social_Responsibility
VIRS,Low Social_Responsibility
VIS,Low Social_Responsibility
VLU,Low Social_Responsibility
VLUE,Low Social_Responsibility
VMOT,Neutral Social_Responsibility
VNLA,Low Social_Responsibility
VNMC,High Social_Responsibility
VNQ,High Social_Responsibility
VNQI,High Social_Responsibility
VO,High Social_Responsibility
VOE,Neutral Social_Responsibility
VONE,Low Social_Responsibility
VONG,Low Social_Responsibility
VONV,Low Social_Responsibility
VOO,Low Social_Responsibility
VOOG,Low Social_Responsibility
VOOV,Low Social_Responsibility
VOT,High Social_Responsibility
VOX,Low Social_Responsibility
VPL,Neutral Social_Responsibility
VPN,High Social_Responsibility
VPOP,Low Social_Responsibility
VPU,Neutral Social_Responsibility
VRAI,Low Social_Responsibility
VRP,Low Social_Responsibility
VSDA,Low Social_Responsibility
VSGX,Neutral Social_Responsibility
VSL,Neutral Social_Responsibility
VSMV,Low Social_Responsibility
VSS,High Social_Responsibility
VT,Low Social_Responsibility
VTC,Low Social_Responsibility
VTHR,Low Social_Responsibility
VTI,Low Social_Responsibility
VTRN,Low Social_Responsibility
VTV,Low Social_Responsibility
VTWG,High Social_Responsibility
VTWO,High Social_Responsibility
VTWV,High Social_Responsibility
VUG,Low Social_Responsibility
VUSE,High Social_Responsibility
VV,Low Social_Responsibility
VWID,Neutral Social_Responsibility
VWO,Neutral Social_Responsibility
VWOB,High Social_Responsibility
VXF,High Social_Responsibility
VXUS,Neutral Social_Responsibility
VYM,Low Social_Responsibility
VYMI,Neutral Social_Responsibility
WANT,Low Social_Responsibility
WBIE,High Social_Responsibility
WBIF,Low Social_Responsibility
WBIG,Low Social_Responsibility
WBII,Neutral Social_Responsibility
WBIL,Low Social_Responsibility
WBIN,Neutral Social_Responsibility
WBIT,Neutral Social_Responsibility
WBIY,Neutral Social_Responsibility
WCLD,High Social_Responsibility
WDIV,Neutral Social_Responsibility
WEBL,High Social_Responsibility
WEBS,High Social_Responsibility
WFH,High Social_Responsibility
WFHY,Neutral Social_Responsibility
WFIG,Low Social_Responsibility
WINC,Low Social_Responsibility
WIP,High Social_Responsibility
WIZ,High Social_Responsibility
WLDR,Neutral Social_Responsibility
WOMN,Low Social_Responsibility
WOOD,High Social_Responsibility
WPS,High Social_Responsibility
WUGI,High Social_Responsibility
WWJD,Neutral Social_Responsibility
WWOW,High Social_Responsibility
XAR,Low Social_Responsibility
XBI,High Social_Responsibility
XCEM,Neutral Social_Responsibility
XES,High Social_Responsibility
XHB,High Social_Responsibility
XHE,High Social_Responsibility
XHS,High Social_Responsibility
XITK,High Social_Responsibility
XJH,High Social_Responsibility
XJR,High Social_Responsibility
XLB,High Social_Responsibility
XLC,Low Social_Responsibility
XLE,Low Social_Responsibility
XLF,Low Social_Responsibility
XLG,Low Social_Responsibility
XLI,Low Social_Responsibility
XLK,Low Social_Responsibility
XLP,Low Social_Responsibility
XLRE,High Social_Responsibility
XLSR,Low Social_Responsibility
XLU,Neutral Social_Responsibility
XLV,High Social_Responsibility
XLY,Low Social_Responsibility
XME,High Social_Responsibility
XMHQ,High Social_Responsibility
XMLV,High Social_Responsibility
XMMO,High Social_Responsibility
XMVM,High Social_Responsibility
XNTK,Low Social_Responsibility
XOP,High Social_Responsibility
XPH,High Social_Responsibility
XRLV,Low Social_Responsibility
XRT,High Social_Responsibility
XSD,High Social_Responsibility
XSHD,High Social_Responsibility
XSHQ,High Social_Responsibility
XSLV,High Social_Responsibility
XSMO,High Social_Responsibility
XSOE,Neutral Social_Responsibility
XSVM,High Social_Responsibility
XSW,High Social_Responsibility
XT,High Social_Responsibility
XTL,High Social_Responsibility
XTN,High Social_Responsibility
XVV,Low Social_Responsibility
XWEB,High Social_Responsibility
XYLD,Low Social_Responsibility
XYLG,Low Social_Responsibility
YINN,Neutral Social_Responsibility
YLD,High Social_Responsibility
YLDE,Low Social_Responsibility
ZCAN,Low Social_Responsibility
ZDEU,Neutral Social_Responsibility
ZGBR,Low Social_Responsibility
ZHOK,Neutral Social_Responsibility
ZIG,High Social_Responsibility
ZJPN,Neutral Social_Responsibility
