Symbol,Kmean_Gov_cluster
AADR,Low Gov_Responsibility
AAXJ,Low Gov_Responsibility
ABEQ,High Gov_Responsibility
ACES,Neutral Gov_Responsibility
ACIO,High Gov_Responsibility
ACSG,Low Gov_Responsibility
ACSI,High Gov_Responsibility
ACTV,Neutral Gov_Responsibility
ACVF,High Gov_Responsibility
ACWF,High Gov_Responsibility
ACWI,High Gov_Responsibility
ACWV,High Gov_Responsibility
ACWX,Low Gov_Responsibility
ADFI,High Gov_Responsibility
ADME,High Gov_Responsibility
ADRE,Low Gov_Responsibility
AESR,High Gov_Responsibility
AFIF,Neutral Gov_Responsibility
AFK,Low Gov_Responsibility
AFLG,Neutral Gov_Responsibility
AFMC,Neutral Gov_Responsibility
AFSM,Neutral Gov_Responsibility
AFTY,Low Gov_Responsibility
AGG,High Gov_Responsibility
AGT,Low Gov_Responsibility
AGZ,High Gov_Responsibility
AGZD,High Gov_Responsibility
AIA,Low Gov_Responsibility
AIEQ,Neutral Gov_Responsibility
AIIQ,Low Gov_Responsibility
AIQ,Neutral Gov_Responsibility
AIRR,Neutral Gov_Responsibility
ALFA,Neutral Gov_Responsibility
ALTL,Neutral Gov_Responsibility
ALTY,High Gov_Responsibility
AMCA,High Gov_Responsibility
AMER,Neutral Gov_Responsibility
AMLP,Neutral Gov_Responsibility
AMOM,Neutral Gov_Responsibility
ANEW,Neutral Gov_Responsibility
ANGL,Neutral Gov_Responsibility
AOA,High Gov_Responsibility
AOK,High Gov_Responsibility
AOM,High Gov_Responsibility
AOR,High Gov_Responsibility
ARCM,High Gov_Responsibility
ARGT,Low Gov_Responsibility
ARKF,Neutral Gov_Responsibility
ARKG,Neutral Gov_Responsibility
ARKK,Neutral Gov_Responsibility
ARKQ,Low Gov_Responsibility
ARKW,Neutral Gov_Responsibility
ARMR,High Gov_Responsibility
ASEA,Low Gov_Responsibility
ASET,High Gov_Responsibility
ASHR,Low Gov_Responsibility
ASHX,Low Gov_Responsibility
AUSF,Neutral Gov_Responsibility
AVDE,Low Gov_Responsibility
AVDV,Low Gov_Responsibility
AVEM,Low Gov_Responsibility
AVIG,High Gov_Responsibility
AVSF,High Gov_Responsibility
AVUS,Neutral Gov_Responsibility
AVUV,Neutral Gov_Responsibility
AWAY,Low Gov_Responsibility
AWTM,High Gov_Responsibility
BATT,Low Gov_Responsibility
BBAX,Low Gov_Responsibility
BBC,Neutral Gov_Responsibility
BBCA,High Gov_Responsibility
BBEU,Low Gov_Responsibility
BBH,Neutral Gov_Responsibility
BBIN,Low Gov_Responsibility
BBJP,Low Gov_Responsibility
BBMC,Neutral Gov_Responsibility
BBP,Neutral Gov_Responsibility
BBRE,Neutral Gov_Responsibility
BBSA,High Gov_Responsibility
BBSC,Neutral Gov_Responsibility
BBUS,High Gov_Responsibility
BETZ,High Gov_Responsibility
BFIT,Low Gov_Responsibility
BFOR,Neutral Gov_Responsibility
BFTR,Neutral Gov_Responsibility
BGRN,High Gov_Responsibility
BIB,Neutral Gov_Responsibility
BIBL,Neutral Gov_Responsibility
BICK,Low Gov_Responsibility
BIL,High Gov_Responsibility
BILS,High Gov_Responsibility
BIV,High Gov_Responsibility
BJK,Low Gov_Responsibility
BKAG,High Gov_Responsibility
BKEM,Low Gov_Responsibility
BKF,Low Gov_Responsibility
BKHY,Neutral Gov_Responsibility
BKIE,Low Gov_Responsibility
BKLC,High Gov_Responsibility
BKMC,Neutral Gov_Responsibility
BKSB,High Gov_Responsibility
BKSE,Neutral Gov_Responsibility
BLCN,High Gov_Responsibility
BLDG,Neutral Gov_Responsibility
BLES,High Gov_Responsibility
BLHY,Neutral Gov_Responsibility
BLOK,Low Gov_Responsibility
BLV,High Gov_Responsibility
BMED,Neutral Gov_Responsibility
BND,High Gov_Responsibility
BNDC,High Gov_Responsibility
BNDW,High Gov_Responsibility
BNDX,High Gov_Responsibility
BNE,Low Gov_Responsibility
BOSS,Neutral Gov_Responsibility
BOTZ,Low Gov_Responsibility
BOUT,Neutral Gov_Responsibility
BRF,Low Gov_Responsibility
BRZU,Low Gov_Responsibility
BSAE,Low Gov_Responsibility
BSBE,Low Gov_Responsibility
BSCE,Low Gov_Responsibility
BSCL,High Gov_Responsibility
BSCM,High Gov_Responsibility
BSCN,High Gov_Responsibility
BSCO,High Gov_Responsibility
BSCP,High Gov_Responsibility
BSCQ,High Gov_Responsibility
BSCR,High Gov_Responsibility
BSCS,High Gov_Responsibility
BSCT,High Gov_Responsibility
BSCU,High Gov_Responsibility
BSDE,Low Gov_Responsibility
BSJL,Neutral Gov_Responsibility
BSJM,Neutral Gov_Responsibility
BSJN,Neutral Gov_Responsibility
BSJO,Neutral Gov_Responsibility
BSJP,Neutral Gov_Responsibility
BSJQ,Neutral Gov_Responsibility
BSJR,Neutral Gov_Responsibility
BSJS,Neutral Gov_Responsibility
BSV,High Gov_Responsibility
BTEC,Neutral Gov_Responsibility
BTEK,Low Gov_Responsibility
BUG,Neutral Gov_Responsibility
BUL,Neutral Gov_Responsibility
BUYZ,Neutral Gov_Responsibility
BWX,High Gov_Responsibility
BYLD,High Gov_Responsibility
CACG,High Gov_Responsibility
CALF,Neutral Gov_Responsibility
CARZ,Low Gov_Responsibility
CATH,High Gov_Responsibility
CBSE,High Gov_Responsibility
CBTG,Neutral Gov_Responsibility
CCON,Neutral Gov_Responsibility
CCOR,High Gov_Responsibility
CDC,Neutral Gov_Responsibility
CDL,Neutral Gov_Responsibility
CEFA,Low Gov_Responsibility
CEMB,Low Gov_Responsibility
CEY,Low Gov_Responsibility
CFA,Neutral Gov_Responsibility
CFCV,High Gov_Responsibility
CFO,Neutral Gov_Responsibility
CGW,High Gov_Responsibility
CHB,Low Gov_Responsibility
CHGX,Neutral Gov_Responsibility
CHIC,Low Gov_Responsibility
CHIE,Low Gov_Responsibility
CHIH,Low Gov_Responsibility
CHII,Low Gov_Responsibility
CHIK,Low Gov_Responsibility
CHIL,Low Gov_Responsibility
CHIM,Low Gov_Responsibility
CHIQ,Low Gov_Responsibility
CHIR,Low Gov_Responsibility
CHIS,Low Gov_Responsibility
CHIU,Low Gov_Responsibility
CHIX,Low Gov_Responsibility
CIBR,Neutral Gov_Responsibility
CID,Low Gov_Responsibility
CIL,Low Gov_Responsibility
CIZ,Low Gov_Responsibility
CLIX,Neutral Gov_Responsibility
CLOU,Neutral Gov_Responsibility
CLRG,Neutral Gov_Responsibility
CN,Low Gov_Responsibility
CNCR,Neutral Gov_Responsibility
CNRG,Neutral Gov_Responsibility
CNXT,Low Gov_Responsibility
CNYA,Low Gov_Responsibility
COPX,Low Gov_Responsibility
CORP,High Gov_Responsibility
COWZ,Neutral Gov_Responsibility
CPI,High Gov_Responsibility
CQQQ,Low Gov_Responsibility
CRAK,Low Gov_Responsibility
CRBN,High Gov_Responsibility
CSA,Neutral Gov_Responsibility
CSB,Neutral Gov_Responsibility
CSD,Neutral Gov_Responsibility
CSF,Neutral Gov_Responsibility
CSM,High Gov_Responsibility
CSML,Neutral Gov_Responsibility
CTEC,Low Gov_Responsibility
CURE,High Gov_Responsibility
CUT,High Gov_Responsibility
CVY,High Gov_Responsibility
CWB,Neutral Gov_Responsibility
CWEB,Low Gov_Responsibility
CWI,Low Gov_Responsibility
CWS,Neutral Gov_Responsibility
CXSE,Low Gov_Responsibility
CZA,Neutral Gov_Responsibility
DALI,Neutral Gov_Responsibility
DALT,High Gov_Responsibility
DAX,Low Gov_Responsibility
DBEF,Low Gov_Responsibility
DBEM,Low Gov_Responsibility
DBEU,Low Gov_Responsibility
DBEZ,Low Gov_Responsibility
DBGR,Low Gov_Responsibility
DBJP,Low Gov_Responsibility
DBLV,High Gov_Responsibility
DDIV,Neutral Gov_Responsibility
DDLS,Low Gov_Responsibility
DDM,High Gov_Responsibility
DDWM,Low Gov_Responsibility
DEEF,Low Gov_Responsibility
DEEP,Neutral Gov_Responsibility
DEF,Neutral Gov_Responsibility
DEFA,Low Gov_Responsibility
DEM,Low Gov_Responsibility
DEMZ,Neutral Gov_Responsibility
DES,Neutral Gov_Responsibility
DEUS,Neutral Gov_Responsibility
DEW,High Gov_Responsibility
DFAE,Low Gov_Responsibility
DFAI,Low Gov_Responsibility
DFAU,High Gov_Responsibility
DFE,Low Gov_Responsibility
DFEN,High Gov_Responsibility
DFJ,Low Gov_Responsibility
DFND,High Gov_Responsibility
DFNL,High Gov_Responsibility
DFNV,Neutral Gov_Responsibility
DGRE,Low Gov_Responsibility
DGRO,High Gov_Responsibility
DGRS,Neutral Gov_Responsibility
DGRW,High Gov_Responsibility
DGT,High Gov_Responsibility
DHS,High Gov_Responsibility
DIA,High Gov_Responsibility
DIAL,High Gov_Responsibility
DIG,Neutral Gov_Responsibility
DIM,Low Gov_Responsibility
DINT,Low Gov_Responsibility
DIV,Neutral Gov_Responsibility
DIVA,High Gov_Responsibility
DIVB,High Gov_Responsibility
DIVO,High Gov_Responsibility
DJD,High Gov_Responsibility
DLN,High Gov_Responsibility
DLS,Low Gov_Responsibility
DMDV,Low Gov_Responsibility
DMRE,Low Gov_Responsibility
DMRI,Low Gov_Responsibility
DMRL,High Gov_Responsibility
DMRM,High Gov_Responsibility
DMRS,High Gov_Responsibility
DMXF,Low Gov_Responsibility
DNL,Low Gov_Responsibility
DOL,Low Gov_Responsibility
DON,Neutral Gov_Responsibility
DOO,Low Gov_Responsibility
DPST,High Gov_Responsibility
DRIV,Low Gov_Responsibility
DRN,Neutral Gov_Responsibility
DRSK,High Gov_Responsibility
DRW,Low Gov_Responsibility
DSI,Neutral Gov_Responsibility
DSTL,Neutral Gov_Responsibility
DSTX,Low Gov_Responsibility
DTD,High Gov_Responsibility
DTEC,Neutral Gov_Responsibility
DTH,Low Gov_Responsibility
DTN,High Gov_Responsibility
DURA,High Gov_Responsibility
DUSA,Neutral Gov_Responsibility
DUSL,High Gov_Responsibility
DVLU,Neutral Gov_Responsibility
DVOL,Neutral Gov_Responsibility
DVY,Neutral Gov_Responsibility
DVYA,Low Gov_Responsibility
DVYE,Low Gov_Responsibility
DWAS,Neutral Gov_Responsibility
DWAT,Neutral Gov_Responsibility
DWAW,Neutral Gov_Responsibility
DWCR,Low Gov_Responsibility
DWEQ,Neutral Gov_Responsibility
DWFI,High Gov_Responsibility
DWLD,Low Gov_Responsibility
DWM,Low Gov_Responsibility
DWMF,Low Gov_Responsibility
DWPP,High Gov_Responsibility
DWX,Low Gov_Responsibility
DXGE,Low Gov_Responsibility
DXJ,Low Gov_Responsibility
DXJS,Low Gov_Responsibility
DYHG,High Gov_Responsibility
DYNF,Neutral Gov_Responsibility
EAGG,High Gov_Responsibility
EAOA,High Gov_Responsibility
EAOK,High Gov_Responsibility
EAOM,High Gov_Responsibility
EAOR,High Gov_Responsibility
EASG,Low Gov_Responsibility
EBIZ,Neutral Gov_Responsibility
EBLU,High Gov_Responsibility
EBND,High Gov_Responsibility
ECH,Low Gov_Responsibility
ECLN,High Gov_Responsibility
ECON,Low Gov_Responsibility
ECOW,Low Gov_Responsibility
ECOZ,High Gov_Responsibility
EDC,Low Gov_Responsibility
EDEN,Low Gov_Responsibility
EDIV,Low Gov_Responsibility
EDOC,Neutral Gov_Responsibility
EDOG,Low Gov_Responsibility
EDOW,High Gov_Responsibility
EDUT,Low Gov_Responsibility
EELV,Low Gov_Responsibility
EEM,Low Gov_Responsibility
EEMA,Low Gov_Responsibility
EEMD,Low Gov_Responsibility
EEMO,Low Gov_Responsibility
EEMV,Low Gov_Responsibility
EEMX,Low Gov_Responsibility
EES,Neutral Gov_Responsibility
EFA,Low Gov_Responsibility
EFAD,Low Gov_Responsibility
EFAS,Low Gov_Responsibility
EFAV,Low Gov_Responsibility
EFAX,Low Gov_Responsibility
EFG,Low Gov_Responsibility
EFIV,High Gov_Responsibility
EFNL,High Gov_Responsibility
EFV,Low Gov_Responsibility
EGIS,Neutral Gov_Responsibility
EIDO,Low Gov_Responsibility
EINC,Neutral Gov_Responsibility
EIRL,High Gov_Responsibility
EIS,High Gov_Responsibility
EKAR,Low Gov_Responsibility
ELD,High Gov_Responsibility
EMAG,Low Gov_Responsibility
EMB,High Gov_Responsibility
EMBD,Low Gov_Responsibility
EMBH,High Gov_Responsibility
EMCB,Low Gov_Responsibility
EMDV,Low Gov_Responsibility
EMFM,Low Gov_Responsibility
EMGF,Low Gov_Responsibility
EMHY,Low Gov_Responsibility
EMIF,Low Gov_Responsibility
EMLC,High Gov_Responsibility
EMLP,Neutral Gov_Responsibility
EMMF,Low Gov_Responsibility
EMNT,High Gov_Responsibility
EMQQ,Low Gov_Responsibility
EMSG,Low Gov_Responsibility
EMSH,High Gov_Responsibility
EMTL,Low Gov_Responsibility
EMXC,Low Gov_Responsibility
EMXF,Low Gov_Responsibility
ENFR,Neutral Gov_Responsibility
ENOR,Low Gov_Responsibility
ENTR,Neutral Gov_Responsibility
ENZL,Low Gov_Responsibility
EPHE,Low Gov_Responsibility
EPI,Low Gov_Responsibility
EPOL,Low Gov_Responsibility
EPP,Low Gov_Responsibility
EPRF,High Gov_Responsibility
EPS,High Gov_Responsibility
EPU,Low Gov_Responsibility
EQAL,Neutral Gov_Responsibility
EQL,High Gov_Responsibility
EQOP,High Gov_Responsibility
EQRR,Neutral Gov_Responsibility
EQWL,High Gov_Responsibility
ERM,High Gov_Responsibility
ERSX,Low Gov_Responsibility
ERUS,Low Gov_Responsibility
ERX,Neutral Gov_Responsibility
ESCR,High Gov_Responsibility
ESEB,High Gov_Responsibility
ESG,High Gov_Responsibility
ESGA,High Gov_Responsibility
ESGD,Low Gov_Responsibility
ESGE,Low Gov_Responsibility
ESGG,High Gov_Responsibility
ESGN,Low Gov_Responsibility
ESGS,Neutral Gov_Responsibility
ESGU,High Gov_Responsibility
ESGV,High Gov_Responsibility
ESHY,Neutral Gov_Responsibility
ESML,Neutral Gov_Responsibility
ESNG,High Gov_Responsibility
ESPO,Low Gov_Responsibility
ETHO,Neutral Gov_Responsibility
EUDG,Low Gov_Responsibility
EUDV,Low Gov_Responsibility
EUFN,Low Gov_Responsibility
EURL,High Gov_Responsibility
EURZ,Low Gov_Responsibility
EUSA,Neutral Gov_Responsibility
EUSB,High Gov_Responsibility
EUSC,Low Gov_Responsibility
EVX,Neutral Gov_Responsibility
EWA,Low Gov_Responsibility
EWC,High Gov_Responsibility
EWCO,Neutral Gov_Responsibility
EWD,High Gov_Responsibility
EWEB,Low Gov_Responsibility
EWG,Low Gov_Responsibility
EWGS,Low Gov_Responsibility
EWH,Low Gov_Responsibility
EWI,Low Gov_Responsibility
EWJ,Low Gov_Responsibility
EWJE,Low Gov_Responsibility
EWJV,Low Gov_Responsibility
EWK,Low Gov_Responsibility
EWL,High Gov_Responsibility
EWM,Low Gov_Responsibility
EWMC,Neutral Gov_Responsibility
EWN,Low Gov_Responsibility
EWO,Low Gov_Responsibility
EWP,Low Gov_Responsibility
EWQ,Low Gov_Responsibility
EWRE,Neutral Gov_Responsibility
EWS,Low Gov_Responsibility
EWSC,Neutral Gov_Responsibility
EWT,Low Gov_Responsibility
EWU,High Gov_Responsibility
EWUS,Low Gov_Responsibility
EWW,Low Gov_Responsibility
EWY,Low Gov_Responsibility
EWZ,Low Gov_Responsibility
EWZS,Low Gov_Responsibility
EXI,High Gov_Responsibility
EZA,Low Gov_Responsibility
EZM,Neutral Gov_Responsibility
EZU,Low Gov_Responsibility
FAB,Neutral Gov_Responsibility
FAD,Neutral Gov_Responsibility
FALN,Neutral Gov_Responsibility
FAN,Low Gov_Responsibility
FAS,High Gov_Responsibility
FBCG,High Gov_Responsibility
FBCV,High Gov_Responsibility
FBND,High Gov_Responsibility
FBT,Neutral Gov_Responsibility
FBZ,Low Gov_Responsibility
FCA,Low Gov_Responsibility
FCEF,High Gov_Responsibility
FCG,Neutral Gov_Responsibility
FCOM,Neutral Gov_Responsibility
FCOR,High Gov_Responsibility
FCPI,Neutral Gov_Responsibility
FCTR,Neutral Gov_Responsibility
FCVT,Neutral Gov_Responsibility
FDD,Low Gov_Responsibility
FDEM,Low Gov_Responsibility
FDEV,Low Gov_Responsibility
FDG,Neutral Gov_Responsibility
FDHY,Neutral Gov_Responsibility
FDIS,Neutral Gov_Responsibility
FDIV,High Gov_Responsibility
FDL,High Gov_Responsibility
FDLO,High Gov_Responsibility
FDMO,Neutral Gov_Responsibility
FDN,Neutral Gov_Responsibility
FDNI,Low Gov_Responsibility
FDRR,High Gov_Responsibility
FDT,Low Gov_Responsibility
FDTS,Low Gov_Responsibility
FDVV,High Gov_Responsibility
FEM,Low Gov_Responsibility
FEMB,High Gov_Responsibility
FENY,Neutral Gov_Responsibility
FEP,Low Gov_Responsibility
FEUZ,Low Gov_Responsibility
FEVR,Neutral Gov_Responsibility
FEX,Neutral Gov_Responsibility
FEZ,Low Gov_Responsibility
FFHG,Neutral Gov_Responsibility
FFIU,High Gov_Responsibility
FFR,Neutral Gov_Responsibility
FFSG,High Gov_Responsibility
FFTG,High Gov_Responsibility
FFTI,Neutral Gov_Responsibility
FFTY,Neutral Gov_Responsibility
FGD,High Gov_Responsibility
FGM,Low Gov_Responsibility
FHLC,High Gov_Responsibility
FICS,Low Gov_Responsibility
FID,Low Gov_Responsibility
FIDI,Low Gov_Responsibility
FIDU,Neutral Gov_Responsibility
FILL,High Gov_Responsibility
FINX,High Gov_Responsibility
FISR,High Gov_Responsibility
FITE,Neutral Gov_Responsibility
FIVA,Low Gov_Responsibility
FIVG,Neutral Gov_Responsibility
FIW,Neutral Gov_Responsibility
FJNK,Neutral Gov_Responsibility
FJP,Low Gov_Responsibility
FKU,High Gov_Responsibility
FLAU,Low Gov_Responsibility
FLAX,Low Gov_Responsibility
FLBR,Low Gov_Responsibility
FLCA,High Gov_Responsibility
FLCB,High Gov_Responsibility
FLCH,Low Gov_Responsibility
FLCO,High Gov_Responsibility
FLDR,High Gov_Responsibility
FLEE,Low Gov_Responsibility
FLEH,Low Gov_Responsibility
FLFR,Low Gov_Responsibility
FLGB,High Gov_Responsibility
FLGR,Low Gov_Responsibility
FLHK,Low Gov_Responsibility
FLHY,Neutral Gov_Responsibility
FLIA,High Gov_Responsibility
FLIN,Low Gov_Responsibility
FLIY,Low Gov_Responsibility
FLJH,Low Gov_Responsibility
FLJP,Low Gov_Responsibility
FLKR,Low Gov_Responsibility
FLLA,Low Gov_Responsibility
FLLV,Neutral Gov_Responsibility
FLM,Low Gov_Responsibility
FLMX,Low Gov_Responsibility
FLN,Low Gov_Responsibility
FLOT,High Gov_Responsibility
FLQD,High Gov_Responsibility
FLQE,Low Gov_Responsibility
FLQG,High Gov_Responsibility
FLQH,Low Gov_Responsibility
FLQL,Neutral Gov_Responsibility
FLQM,Neutral Gov_Responsibility
FLQS,Neutral Gov_Responsibility
FLRG,Neutral Gov_Responsibility
FLRN,High Gov_Responsibility
FLRU,Low Gov_Responsibility
FLSA,Low Gov_Responsibility
FLSP,High Gov_Responsibility
FLSW,High Gov_Responsibility
FLTB,High Gov_Responsibility
FLTR,High Gov_Responsibility
FLTW,Low Gov_Responsibility
FLUD,High Gov_Responsibility
FLV,High Gov_Responsibility
FLYT,High Gov_Responsibility
FLZA,Low Gov_Responsibility
FMAT,Neutral Gov_Responsibility
FMIL,High Gov_Responsibility
FNCL,High Gov_Responsibility
FNDA,Neutral Gov_Responsibility
FNDB,High Gov_Responsibility
FNDC,Low Gov_Responsibility
FNDE,Low Gov_Responsibility
FNDF,Low Gov_Responsibility
FNDX,High Gov_Responsibility
FNI,Low Gov_Responsibility
FNK,Neutral Gov_Responsibility
FNX,Neutral Gov_Responsibility
FNY,Neutral Gov_Responsibility
FOVL,Neutral Gov_Responsibility
FPA,Low Gov_Responsibility
FPE,High Gov_Responsibility
FPEI,High Gov_Responsibility
FPX,Neutral Gov_Responsibility
FPXE,Low Gov_Responsibility
FPXI,Low Gov_Responsibility
FQAL,High Gov_Responsibility
FRAK,Neutral Gov_Responsibility
FRDM,Low Gov_Responsibility
FREL,Neutral Gov_Responsibility
FRI,Neutral Gov_Responsibility
FSMD,Neutral Gov_Responsibility
FSTA,High Gov_Responsibility
FSZ,High Gov_Responsibility
FTA,Neutral Gov_Responsibility
FTAG,High Gov_Responsibility
FTC,Neutral Gov_Responsibility
FTCS,Neutral Gov_Responsibility
FTEC,High Gov_Responsibility
FTHI,Neutral Gov_Responsibility
FTLB,Neutral Gov_Responsibility
FTLS,High Gov_Responsibility
FTRI,High Gov_Responsibility
FTSM,High Gov_Responsibility
FTXD,Neutral Gov_Responsibility
FTXG,Neutral Gov_Responsibility
FTXH,High Gov_Responsibility
FTXL,Neutral Gov_Responsibility
FTXN,Neutral Gov_Responsibility
FTXO,Neutral Gov_Responsibility
FTXR,Neutral Gov_Responsibility
FUTY,Neutral Gov_Responsibility
FV,Neutral Gov_Responsibility
FVAL,High Gov_Responsibility
FVC,Neutral Gov_Responsibility
FVD,Neutral Gov_Responsibility
FWDB,High Gov_Responsibility
FXD,Neutral Gov_Responsibility
FXG,Neutral Gov_Responsibility
FXH,Neutral Gov_Responsibility
FXI,Low Gov_Responsibility
FXL,Neutral Gov_Responsibility
FXN,Neutral Gov_Responsibility
FXO,Neutral Gov_Responsibility
FXR,Neutral Gov_Responsibility
FXU,Neutral Gov_Responsibility
FXZ,Neutral Gov_Responsibility
FYC,Neutral Gov_Responsibility
FYLD,Low Gov_Responsibility
FYT,Neutral Gov_Responsibility
FYX,Neutral Gov_Responsibility
GAA,High Gov_Responsibility
GAL,High Gov_Responsibility
GAMR,High Gov_Responsibility
GBDV,Neutral Gov_Responsibility
GBF,High Gov_Responsibility
GBGR,Neutral Gov_Responsibility
GBLO,High Gov_Responsibility
GCOR,High Gov_Responsibility
GCOW,High Gov_Responsibility
GDMA,High Gov_Responsibility
GDX,Neutral Gov_Responsibility
GDXJ,High Gov_Responsibility
GEM,Low Gov_Responsibility
GENY,Neutral Gov_Responsibility
GERM,Neutral Gov_Responsibility
GHYB,Neutral Gov_Responsibility
GHYG,Neutral Gov_Responsibility
GIGB,High Gov_Responsibility
GIGE,Neutral Gov_Responsibility
GII,High Gov_Responsibility
GINN,Neutral Gov_Responsibility
GLCN,Low Gov_Responsibility
GLIF,High Gov_Responsibility
GLIN,Low Gov_Responsibility
GLRY,Neutral Gov_Responsibility
GMF,Low Gov_Responsibility
GMOM,High Gov_Responsibility
GNOM,Neutral Gov_Responsibility
GNR,High Gov_Responsibility
GOAT,High Gov_Responsibility
GOAU,High Gov_Responsibility
GOEX,High Gov_Responsibility
GQRE,Neutral Gov_Responsibility
GRES,High Gov_Responsibility
GRID,High Gov_Responsibility
GRNB,High Gov_Responsibility
GSEE,Low Gov_Responsibility
GSEU,Low Gov_Responsibility
GSEW,Neutral Gov_Responsibility
GSID,Low Gov_Responsibility
GSIE,Low Gov_Responsibility
GSIG,High Gov_Responsibility
GSJY,Low Gov_Responsibility
GSLC,High Gov_Responsibility
GSSC,Neutral Gov_Responsibility
GSUS,High Gov_Responsibility
GSY,High Gov_Responsibility
GUNR,High Gov_Responsibility
GURU,Neutral Gov_Responsibility
GVI,High Gov_Responsibility
GVIP,Neutral Gov_Responsibility
GWX,Low Gov_Responsibility
GXC,Low Gov_Responsibility
GXF,Low Gov_Responsibility
GXG,Low Gov_Responsibility
GXTG,Low Gov_Responsibility
GYLD,Low Gov_Responsibility
HACK,Neutral Gov_Responsibility
HAIL,Neutral Gov_Responsibility
HAP,High Gov_Responsibility
HAUZ,Low Gov_Responsibility
HAWX,Low Gov_Responsibility
HDAW,Low Gov_Responsibility
HDEF,Low Gov_Responsibility
HDG,High Gov_Responsibility
HDGE,High Gov_Responsibility
HDIV,High Gov_Responsibility
HDMV,Low Gov_Responsibility
HDV,High Gov_Responsibility
HEDJ,Low Gov_Responsibility
HEEM,Low Gov_Responsibility
HEFA,Low Gov_Responsibility
HELX,Neutral Gov_Responsibility
HERD,High Gov_Responsibility
HERO,Low Gov_Responsibility
HEWC,High Gov_Responsibility
HEWG,Low Gov_Responsibility
HEWJ,Low Gov_Responsibility
HEWU,High Gov_Responsibility
HEWW,Low Gov_Responsibility
HEZU,Low Gov_Responsibility
HFXI,Low Gov_Responsibility
HIBL,High Gov_Responsibility
HIPR,High Gov_Responsibility
HJPX,Low Gov_Responsibility
HLAL,High Gov_Responsibility
HNDL,High Gov_Responsibility
HOLD,High Gov_Responsibility
HOMZ,Neutral Gov_Responsibility
HSCZ,Low Gov_Responsibility
HSMV,Neutral Gov_Responsibility
HTEC,Neutral Gov_Responsibility
HTUS,High Gov_Responsibility
HUSV,Neutral Gov_Responsibility
HYDB,Neutral Gov_Responsibility
HYDW,Neutral Gov_Responsibility
HYEM,Low Gov_Responsibility
HYG,Neutral Gov_Responsibility
HYGH,Neutral Gov_Responsibility
HYGV,Neutral Gov_Responsibility
HYHG,Neutral Gov_Responsibility
HYLB,Neutral Gov_Responsibility
HYLV,Neutral Gov_Responsibility
HYS,Neutral Gov_Responsibility
HYTR,Neutral Gov_Responsibility
HYUP,Neutral Gov_Responsibility
HYXU,High Gov_Responsibility
HYZD,Neutral Gov_Responsibility
IAGG,High Gov_Responsibility
IAI,High Gov_Responsibility
IAK,Neutral Gov_Responsibility
IAT,High Gov_Responsibility
IBB,Neutral Gov_Responsibility
IBBJ,Neutral Gov_Responsibility
IBCE,High Gov_Responsibility
IBD,Neutral Gov_Responsibility
IBDD,High Gov_Responsibility
IBDM,High Gov_Responsibility
IBDN,High Gov_Responsibility
IBDO,High Gov_Responsibility
IBDP,High Gov_Responsibility
IBDQ,High Gov_Responsibility
IBDR,High Gov_Responsibility
IBDS,High Gov_Responsibility
IBDT,High Gov_Responsibility
IBDU,High Gov_Responsibility
IBDV,High Gov_Responsibility
IBHA,Neutral Gov_Responsibility
IBHB,Neutral Gov_Responsibility
IBHC,Neutral Gov_Responsibility
IBHD,Neutral Gov_Responsibility
IBHE,Neutral Gov_Responsibility
IBHF,Neutral Gov_Responsibility
IBND,High Gov_Responsibility
IBUY,Neutral Gov_Responsibility
ICF,Neutral Gov_Responsibility
ICLN,Low Gov_Responsibility
ICOL,Low Gov_Responsibility
ICOW,Low Gov_Responsibility
ICSH,High Gov_Responsibility
ICVT,Neutral Gov_Responsibility
IDEV,Low Gov_Responsibility
IDHD,Low Gov_Responsibility
IDHQ,Low Gov_Responsibility
IDLB,Low Gov_Responsibility
IDLV,Low Gov_Responsibility
IDMO,Low Gov_Responsibility
IDNA,Neutral Gov_Responsibility
IDOG,Low Gov_Responsibility
IDRV,Low Gov_Responsibility
IDU,Neutral Gov_Responsibility
IDV,Low Gov_Responsibility
IDX,Low Gov_Responsibility
IECS,Neutral Gov_Responsibility
IEDI,High Gov_Responsibility
IEFA,Low Gov_Responsibility
IEFN,High Gov_Responsibility
IEHS,High Gov_Responsibility
IEIH,High Gov_Responsibility
IEME,Neutral Gov_Responsibility
IEMG,Low Gov_Responsibility
IEO,Neutral Gov_Responsibility
IETC,High Gov_Responsibility
IEUR,Low Gov_Responsibility
IEUS,Low Gov_Responsibility
IEV,Low Gov_Responsibility
IEZ,Neutral Gov_Responsibility
IFGL,Low Gov_Responsibility
IFRA,Neutral Gov_Responsibility
IFV,Low Gov_Responsibility
IG,High Gov_Responsibility
IGBH,High Gov_Responsibility
IGE,Neutral Gov_Responsibility
IGEB,High Gov_Responsibility
IGF,High Gov_Responsibility
IGHG,High Gov_Responsibility
IGIB,High Gov_Responsibility
IGLB,High Gov_Responsibility
IGM,High Gov_Responsibility
IGN,Neutral Gov_Responsibility
IGRO,Low Gov_Responsibility
IGSB,High Gov_Responsibility
IGV,Neutral Gov_Responsibility
IHAK,Neutral Gov_Responsibility
IHDG,Low Gov_Responsibility
IHE,High Gov_Responsibility
IHF,High Gov_Responsibility
IHI,Neutral Gov_Responsibility
IHY,Low Gov_Responsibility
IIGD,High Gov_Responsibility
IIGV,High Gov_Responsibility
IJH,Neutral Gov_Responsibility
IJJ,Neutral Gov_Responsibility
IJK,Neutral Gov_Responsibility
IJR,Neutral Gov_Responsibility
IJS,Neutral Gov_Responsibility
IJT,Neutral Gov_Responsibility
ILF,Low Gov_Responsibility
ILTB,High Gov_Responsibility
IMOM,Low Gov_Responsibility
IMTM,Low Gov_Responsibility
INDA,Low Gov_Responsibility
INDF,Low Gov_Responsibility
INDL,High Gov_Responsibility
INDS,Neutral Gov_Responsibility
INDY,Low Gov_Responsibility
INFR,High Gov_Responsibility
INKM,High Gov_Responsibility
INTF,Low Gov_Responsibility
IOO,High Gov_Responsibility
IPAC,Low Gov_Responsibility
IPAY,Neutral Gov_Responsibility
IPFF,High Gov_Responsibility
IPKW,Low Gov_Responsibility
IPO,Neutral Gov_Responsibility
IPOS,Low Gov_Responsibility
IQDE,Low Gov_Responsibility
IQDF,Low Gov_Responsibility
IQDG,Low Gov_Responsibility
IQDY,Low Gov_Responsibility
IQIN,Low Gov_Responsibility
IQLT,Low Gov_Responsibility
IQM,Neutral Gov_Responsibility
IQSI,Low Gov_Responsibility
IQSU,High Gov_Responsibility
IRBO,Low Gov_Responsibility
ISCF,Low Gov_Responsibility
ISDX,Low Gov_Responsibility
ISEM,Low Gov_Responsibility
ISMD,Neutral Gov_Responsibility
ISRA,High Gov_Responsibility
ISTB,High Gov_Responsibility
ISZE,Low Gov_Responsibility
ITA,Neutral Gov_Responsibility
ITB,Neutral Gov_Responsibility
ITEQ,High Gov_Responsibility
ITOT,High Gov_Responsibility
IUS,High Gov_Responsibility
IUSB,High Gov_Responsibility
IUSG,High Gov_Responsibility
IUSS,Neutral Gov_Responsibility
IUSV,High Gov_Responsibility
IVAL,Low Gov_Responsibility
IVDG,Neutral Gov_Responsibility
IVE,High Gov_Responsibility
IVES,Low Gov_Responsibility
IVLC,High Gov_Responsibility
IVLU,Low Gov_Responsibility
IVOG,Neutral Gov_Responsibility
IVOL,High Gov_Responsibility
IVOO,Neutral Gov_Responsibility
IVOV,Neutral Gov_Responsibility
IVRA,Neutral Gov_Responsibility
IVSG,High Gov_Responsibility
IVV,High Gov_Responsibility
IVW,High Gov_Responsibility
IWB,High Gov_Responsibility
IWD,High Gov_Responsibility
IWF,High Gov_Responsibility
IWFH,Low Gov_Responsibility
IWL,High Gov_Responsibility
IWM,Neutral Gov_Responsibility
IWN,Neutral Gov_Responsibility
IWO,Neutral Gov_Responsibility
IWP,Neutral Gov_Responsibility
IWR,Neutral Gov_Responsibility
IWS,Neutral Gov_Responsibility
IWV,High Gov_Responsibility
IWX,High Gov_Responsibility
IWY,High Gov_Responsibility
IXC,High Gov_Responsibility
IXG,High Gov_Responsibility
IXJ,High Gov_Responsibility
IXN,High Gov_Responsibility
IXP,Neutral Gov_Responsibility
IXSE,Low Gov_Responsibility
IXUS,Low Gov_Responsibility
IYC,High Gov_Responsibility
IYE,Neutral Gov_Responsibility
IYF,High Gov_Responsibility
IYG,High Gov_Responsibility
IYH,High Gov_Responsibility
IYJ,Neutral Gov_Responsibility
IYK,Neutral Gov_Responsibility
IYLD,High Gov_Responsibility
IYM,Neutral Gov_Responsibility
IYR,Neutral Gov_Responsibility
IYT,Neutral Gov_Responsibility
IYW,High Gov_Responsibility
IYY,High Gov_Responsibility
IYZ,High Gov_Responsibility
JAGG,High Gov_Responsibility
JCTR,High Gov_Responsibility
JDIV,Neutral Gov_Responsibility
JEPI,High Gov_Responsibility
JETS,Neutral Gov_Responsibility
JGLD,High Gov_Responsibility
JHCS,Neutral Gov_Responsibility
JHEM,Low Gov_Responsibility
JHMA,Neutral Gov_Responsibility
JHMC,Neutral Gov_Responsibility
JHMD,Low Gov_Responsibility
JHME,Neutral Gov_Responsibility
JHMF,High Gov_Responsibility
JHMH,High Gov_Responsibility
JHMI,Neutral Gov_Responsibility
JHML,High Gov_Responsibility
JHMM,Neutral Gov_Responsibility
JHMS,High Gov_Responsibility
JHMT,Neutral Gov_Responsibility
JHMU,Neutral Gov_Responsibility
JHSC,Neutral Gov_Responsibility
JIG,Low Gov_Responsibility
JIGB,High Gov_Responsibility
JMIN,Neutral Gov_Responsibility
JMOM,Neutral Gov_Responsibility
JNK,Neutral Gov_Responsibility
JNUG,High Gov_Responsibility
JOET,Neutral Gov_Responsibility
JPEM,Low Gov_Responsibility
JPHY,Neutral Gov_Responsibility
JPIN,Low Gov_Responsibility
JPMB,High Gov_Responsibility
JPME,Neutral Gov_Responsibility
JPN,Low Gov_Responsibility
JPSE,Neutral Gov_Responsibility
JPST,High Gov_Responsibility
JPUS,Neutral Gov_Responsibility
JPXN,Low Gov_Responsibility
JQUA,Neutral Gov_Responsibility
JSMD,Neutral Gov_Responsibility
JSML,Neutral Gov_Responsibility
JSTC,High Gov_Responsibility
JUST,High Gov_Responsibility
JVAL,High Gov_Responsibility
JXI,High Gov_Responsibility
KALL,Low Gov_Responsibility
KARS,Low Gov_Responsibility
KBA,Low Gov_Responsibility
KBE,Neutral Gov_Responsibility
KBUY,Low Gov_Responsibility
KBWB,High Gov_Responsibility
KBWP,Neutral Gov_Responsibility
KBWR,Neutral Gov_Responsibility
KBWY,Neutral Gov_Responsibility
KCCB,Low Gov_Responsibility
KCE,Neutral Gov_Responsibility
KDFI,Neutral Gov_Responsibility
KEMQ,Low Gov_Responsibility
KEMX,Low Gov_Responsibility
KESG,Low Gov_Responsibility
KFVG,Low Gov_Responsibility
KFYP,Low Gov_Responsibility
KGRN,Low Gov_Responsibility
KIE,Neutral Gov_Responsibility
KLCD,Neutral Gov_Responsibility
KLDW,Low Gov_Responsibility
KMED,Low Gov_Responsibility
KNG,Neutral Gov_Responsibility
KNGS,Neutral Gov_Responsibility
KOIN,High Gov_Responsibility
KOKU,High Gov_Responsibility
KOMP,Neutral Gov_Responsibility
KORP,High Gov_Responsibility
KORU,High Gov_Responsibility
KRE,Neutral Gov_Responsibility
KRMA,High Gov_Responsibility
KSA,Low Gov_Responsibility
KSCD,Neutral Gov_Responsibility
KURE,Low Gov_Responsibility
KVLE,Neutral Gov_Responsibility
KWEB,Low Gov_Responsibility
KWT,Low Gov_Responsibility
KXI,High Gov_Responsibility
LABU,High Gov_Responsibility
LBAY,Neutral Gov_Responsibility
LCR,High Gov_Responsibility
LDEM,Low Gov_Responsibility
LDRS,High Gov_Responsibility
LDUR,High Gov_Responsibility
LEAD,Neutral Gov_Responsibility
LEGR,High Gov_Responsibility
LEND,High Gov_Responsibility
LFEQ,High Gov_Responsibility
LGH,High Gov_Responsibility
LGLV,Neutral Gov_Responsibility
LIT,Low Gov_Responsibility
LIV,High Gov_Responsibility
LKOR,High Gov_Responsibility
LNGR,High Gov_Responsibility
LOUP,Low Gov_Responsibility
LOWC,High Gov_Responsibility
LQD,High Gov_Responsibility
LQDH,High Gov_Responsibility
LQDI,High Gov_Responsibility
LRGE,High Gov_Responsibility
LRGF,Neutral Gov_Responsibility
LRNZ,Neutral Gov_Responsibility
LSAF,Neutral Gov_Responsibility
LSAT,Neutral Gov_Responsibility
LSLT,Neutral Gov_Responsibility
LTL,High Gov_Responsibility
LUXE,Low Gov_Responsibility
LVHD,Neutral Gov_Responsibility
LVHI,Low Gov_Responsibility
LYFE,High Gov_Responsibility
MAGA,Neutral Gov_Responsibility
MCHI,Low Gov_Responsibility
MCRO,High Gov_Responsibility
MDIV,High Gov_Responsibility
MDY,Neutral Gov_Responsibility
MDYG,Neutral Gov_Responsibility
MDYV,Neutral Gov_Responsibility
MEXX,Low Gov_Responsibility
MFDX,Low Gov_Responsibility
MFEM,Low Gov_Responsibility
MFMS,Neutral Gov_Responsibility
MFUS,High Gov_Responsibility
MGC,High Gov_Responsibility
MGK,High Gov_Responsibility
MGMT,Neutral Gov_Responsibility
MGV,High Gov_Responsibility
MIDF,Neutral Gov_Responsibility
MIDU,High Gov_Responsibility
MILN,Neutral Gov_Responsibility
MINT,High Gov_Responsibility
MJ,High Gov_Responsibility
MLPA,Neutral Gov_Responsibility
MLPX,Neutral Gov_Responsibility
MMLG,Neutral Gov_Responsibility
MMTM,High Gov_Responsibility
MNA,Neutral Gov_Responsibility
MOAT,High Gov_Responsibility
MOO,High Gov_Responsibility
MOON,High Gov_Responsibility
MORT,Neutral Gov_Responsibility
MOTI,Low Gov_Responsibility
MOTO,Low Gov_Responsibility
MSTB,High Gov_Responsibility
MSVX,High Gov_Responsibility
MTUM,Neutral Gov_Responsibility
MVV,Neutral Gov_Responsibility
MXDU,Neutral Gov_Responsibility
MXI,High Gov_Responsibility
NACP,High Gov_Responsibility
NANR,Neutral Gov_Responsibility
NEAR,High Gov_Responsibility
NERD,Low Gov_Responsibility
NETL,Neutral Gov_Responsibility
NFRA,High Gov_Responsibility
NFTY,Low Gov_Responsibility
NGE,Low Gov_Responsibility
NIFE,Neutral Gov_Responsibility
NLR,High Gov_Responsibility
NOBL,Neutral Gov_Responsibility
NORW,Low Gov_Responsibility
NTSX,High Gov_Responsibility
NUBD,High Gov_Responsibility
NUDM,Low Gov_Responsibility
NUEM,Low Gov_Responsibility
NUGT,High Gov_Responsibility
NUHY,Neutral Gov_Responsibility
NULC,Neutral Gov_Responsibility
NULG,Neutral Gov_Responsibility
NULV,Neutral Gov_Responsibility
NUMG,Neutral Gov_Responsibility
NUMV,Neutral Gov_Responsibility
NURE,Neutral Gov_Responsibility
NUSA,High Gov_Responsibility
NUSC,Neutral Gov_Responsibility
NUSI,High Gov_Responsibility
NVQ,Neutral Gov_Responsibility
NXTG,High Gov_Responsibility
OBOR,Low Gov_Responsibility
OCIO,High Gov_Responsibility
OEF,High Gov_Responsibility
OEUR,Low Gov_Responsibility
OGIG,Neutral Gov_Responsibility
OIH,Neutral Gov_Responsibility
OLD,Neutral Gov_Responsibility
OMFL,Neutral Gov_Responsibility
OMFS,Neutral Gov_Responsibility
ONEO,Neutral Gov_Responsibility
ONEQ,High Gov_Responsibility
ONEV,Neutral Gov_Responsibility
ONEY,Neutral Gov_Responsibility
ONLN,Neutral Gov_Responsibility
OSCV,Neutral Gov_Responsibility
OUSA,High Gov_Responsibility
OUSM,Neutral Gov_Responsibility
OVB,High Gov_Responsibility
OVF,Low Gov_Responsibility
OVL,High Gov_Responsibility
OVS,Neutral Gov_Responsibility
PALC,Neutral Gov_Responsibility
PAMC,Neutral Gov_Responsibility
PAVE,Neutral Gov_Responsibility
PAWZ,Neutral Gov_Responsibility
PBD,Low Gov_Responsibility
PBDM,Low Gov_Responsibility
PBE,Neutral Gov_Responsibility
PBEE,Low Gov_Responsibility
PBJ,Neutral Gov_Responsibility
PBND,High Gov_Responsibility
PBP,High Gov_Responsibility
PBS,Neutral Gov_Responsibility
PBSM,Neutral Gov_Responsibility
PBTP,High Gov_Responsibility
PBUS,High Gov_Responsibility
PDEV,Low Gov_Responsibility
PDN,Low Gov_Responsibility
PDP,Neutral Gov_Responsibility
PEJ,Neutral Gov_Responsibility
PEXL,Neutral Gov_Responsibility
PEY,Neutral Gov_Responsibility
PFF,High Gov_Responsibility
PFFA,Neutral Gov_Responsibility
PFFD,High Gov_Responsibility
PFFR,Neutral Gov_Responsibility
PFFV,High Gov_Responsibility
PFI,Neutral Gov_Responsibility
PFIG,High Gov_Responsibility
PFLD,High Gov_Responsibility
PFM,High Gov_Responsibility
PFXF,High Gov_Responsibility
PGAL,Low Gov_Responsibility
PGF,High Gov_Responsibility
PGHY,Low Gov_Responsibility
PGJ,Low Gov_Responsibility
PGX,High Gov_Responsibility
PHB,Neutral Gov_Responsibility
PHO,Neutral Gov_Responsibility
PHYL,Neutral Gov_Responsibility
PICB,High Gov_Responsibility
PICK,Low Gov_Responsibility
PID,High Gov_Responsibility
PIE,Low Gov_Responsibility
PILL,High Gov_Responsibility
PIN,Low Gov_Responsibility
PIO,High Gov_Responsibility
PIZ,Low Gov_Responsibility
PJP,Neutral Gov_Responsibility
PKB,Neutral Gov_Responsibility
PKW,High Gov_Responsibility
PLAT,Neutral Gov_Responsibility
PNQI,Neutral Gov_Responsibility
PPA,Neutral Gov_Responsibility
PPH,High Gov_Responsibility
PPTY,Neutral Gov_Responsibility
PQDI,High Gov_Responsibility
PQIN,Low Gov_Responsibility
PQLC,Neutral Gov_Responsibility
PQSG,Neutral Gov_Responsibility
PREF,High Gov_Responsibility
PRF,High Gov_Responsibility
PRFZ,Neutral Gov_Responsibility
PRN,Neutral Gov_Responsibility
PRNT,High Gov_Responsibility
PSC,Neutral Gov_Responsibility
PSCC,Neutral Gov_Responsibility
PSCD,Neutral Gov_Responsibility
PSCE,Neutral Gov_Responsibility
PSCF,Neutral Gov_Responsibility
PSCH,Neutral Gov_Responsibility
PSCI,Neutral Gov_Responsibility
PSCM,Neutral Gov_Responsibility
PSCT,Neutral Gov_Responsibility
PSCU,Neutral Gov_Responsibility
PSET,Neutral Gov_Responsibility
PSI,Neutral Gov_Responsibility
PSJ,Neutral Gov_Responsibility
PSK,High Gov_Responsibility
PSL,Neutral Gov_Responsibility
PSMB,High Gov_Responsibility
PSMC,High Gov_Responsibility
PSMG,High Gov_Responsibility
PSMM,High Gov_Responsibility
PSP,Low Gov_Responsibility
PSR,Neutral Gov_Responsibility
PTBD,Neutral Gov_Responsibility
PTEU,Low Gov_Responsibility
PTF,Neutral Gov_Responsibility
PTH,Neutral Gov_Responsibility
PTIN,Low Gov_Responsibility
PTLC,High Gov_Responsibility
PTMC,High Gov_Responsibility
PTNQ,High Gov_Responsibility
PUI,Neutral Gov_Responsibility
PWB,Neutral Gov_Responsibility
PWC,Neutral Gov_Responsibility
PWS,Neutral Gov_Responsibility
PWV,High Gov_Responsibility
PXE,Neutral Gov_Responsibility
PXF,Low Gov_Responsibility
PXH,Low Gov_Responsibility
PXI,Neutral Gov_Responsibility
PXJ,Neutral Gov_Responsibility
PXQ,Neutral Gov_Responsibility
PY,Neutral Gov_Responsibility
PYZ,Neutral Gov_Responsibility
QABA,Neutral Gov_Responsibility
QAI,High Gov_Responsibility
QARP,High Gov_Responsibility
QCLN,Neutral Gov_Responsibility
QDEF,High Gov_Responsibility
QDF,High Gov_Responsibility
QDIV,Neutral Gov_Responsibility
QDYN,High Gov_Responsibility
QED,High Gov_Responsibility
QEFA,Low Gov_Responsibility
QEMM,Low Gov_Responsibility
QGRO,Neutral Gov_Responsibility
QINT,Low Gov_Responsibility
QLC,High Gov_Responsibility
QLD,High Gov_Responsibility
QLS,High Gov_Responsibility
QLTA,High Gov_Responsibility
QLV,Neutral Gov_Responsibility
QLVD,Low Gov_Responsibility
QLVE,Low Gov_Responsibility
QMJ,High Gov_Responsibility
QMN,High Gov_Responsibility
QMOM,Neutral Gov_Responsibility
QQC,High Gov_Responsibility
QQD,High Gov_Responsibility
QQEW,Neutral Gov_Responsibility
QQH,High Gov_Responsibility
QQQ,High Gov_Responsibility
QQQE,Neutral Gov_Responsibility
QQQJ,Neutral Gov_Responsibility
QQQM,High Gov_Responsibility
QQQN,Neutral Gov_Responsibility
QQXT,Neutral Gov_Responsibility
QRFT,Neutral Gov_Responsibility
QSY,Neutral Gov_Responsibility
QTEC,Neutral Gov_Responsibility
QTUM,High Gov_Responsibility
QUAL,High Gov_Responsibility
QUS,High Gov_Responsibility
QVAL,Neutral Gov_Responsibility
QWLD,High Gov_Responsibility
QYLD,High Gov_Responsibility
QYLG,High Gov_Responsibility
RAFE,High Gov_Responsibility
RALS,High Gov_Responsibility
RAVI,High Gov_Responsibility
RBUS,Neutral Gov_Responsibility
RCD,Neutral Gov_Responsibility
RDIV,High Gov_Responsibility
RDOG,Neutral Gov_Responsibility
RDVY,High Gov_Responsibility
RECS,High Gov_Responsibility
REET,Neutral Gov_Responsibility
REGL,Neutral Gov_Responsibility
REM,Neutral Gov_Responsibility
REMX,Low Gov_Responsibility
RESD,Low Gov_Responsibility
RESE,Low Gov_Responsibility
RESP,High Gov_Responsibility
RETL,High Gov_Responsibility
REVS,High Gov_Responsibility
REZ,Neutral Gov_Responsibility
RFAP,Low Gov_Responsibility
RFCI,High Gov_Responsibility
RFDA,High Gov_Responsibility
RFDI,Low Gov_Responsibility
RFEM,Low Gov_Responsibility
RFEU,Low Gov_Responsibility
RFFC,Neutral Gov_Responsibility
RFG,Neutral Gov_Responsibility
RFUN,Neutral Gov_Responsibility
RFV,Neutral Gov_Responsibility
RGI,Neutral Gov_Responsibility
RHS,High Gov_Responsibility
RIGS,Neutral Gov_Responsibility
RING,Neutral Gov_Responsibility
RISN,Neutral Gov_Responsibility
RLY,High Gov_Responsibility
RNDM,Low Gov_Responsibility
RNDV,High Gov_Responsibility
RNEM,Low Gov_Responsibility
RNLC,Neutral Gov_Responsibility
RNMC,Neutral Gov_Responsibility
RNRG,Low Gov_Responsibility
RNSC,Neutral Gov_Responsibility
ROAM,Low Gov_Responsibility
ROBO,Low Gov_Responsibility
ROBT,High Gov_Responsibility
RODE,Low Gov_Responsibility
RODM,Low Gov_Responsibility
ROKT,Neutral Gov_Responsibility
ROM,High Gov_Responsibility
ROMO,Low Gov_Responsibility
ROOF,Neutral Gov_Responsibility
ROSC,Neutral Gov_Responsibility
ROUS,Neutral Gov_Responsibility
RPAR,High Gov_Responsibility
RPG,Neutral Gov_Responsibility
RPV,Neutral Gov_Responsibility
RSP,Neutral Gov_Responsibility
RSX,Low Gov_Responsibility
RTH,High Gov_Responsibility
RTM,Neutral Gov_Responsibility
RUSL,Low Gov_Responsibility
RVRS,Neutral Gov_Responsibility
RWGV,High Gov_Responsibility
RWJ,Neutral Gov_Responsibility
RWK,Neutral Gov_Responsibility
RWL,High Gov_Responsibility
RWO,Neutral Gov_Responsibility
RWR,Neutral Gov_Responsibility
RWVG,High Gov_Responsibility
RWX,Low Gov_Responsibility
RXI,Low Gov_Responsibility
RXL,High Gov_Responsibility
RYE,Neutral Gov_Responsibility
RYF,High Gov_Responsibility
RYH,Neutral Gov_Responsibility
RYJ,Neutral Gov_Responsibility
RYLD,Neutral Gov_Responsibility
RYT,Neutral Gov_Responsibility
RYU,Neutral Gov_Responsibility
RZG,Neutral Gov_Responsibility
RZV,Neutral Gov_Responsibility
SAA,High Gov_Responsibility
SBIO,Neutral Gov_Responsibility
SCHA,Neutral Gov_Responsibility
SCHB,High Gov_Responsibility
SCHC,Low Gov_Responsibility
SCHD,Neutral Gov_Responsibility
SCHE,Low Gov_Responsibility
SCHF,Low Gov_Responsibility
SCHG,High Gov_Responsibility
SCHH,Neutral Gov_Responsibility
SCHI,High Gov_Responsibility
SCHJ,High Gov_Responsibility
SCHK,High Gov_Responsibility
SCHM,Neutral Gov_Responsibility
SCHO,High Gov_Responsibility
SCHP,High Gov_Responsibility
SCHQ,High Gov_Responsibility
SCHV,High Gov_Responsibility
SCHX,High Gov_Responsibility
SCHZ,High Gov_Responsibility
SCJ,Low Gov_Responsibility
SCZ,Low Gov_Responsibility
SDEI,Neutral Gov_Responsibility
SDEM,Low Gov_Responsibility
SDG,Low Gov_Responsibility
SDGA,High Gov_Responsibility
SDIV,Low Gov_Responsibility
SDOG,Neutral Gov_Responsibility
SDVY,Neutral Gov_Responsibility
SDY,Neutral Gov_Responsibility
SECT,Neutral Gov_Responsibility
SFHY,Neutral Gov_Responsibility
SFIG,High Gov_Responsibility
SFY,High Gov_Responsibility
SFYF,Neutral Gov_Responsibility
SFYX,Neutral Gov_Responsibility
SGDJ,High Gov_Responsibility
SGDM,Neutral Gov_Responsibility
SHAG,High Gov_Responsibility
SHE,High Gov_Responsibility
SHLD,Neutral Gov_Responsibility
SHYG,Neutral Gov_Responsibility
SHYL,Neutral Gov_Responsibility
SIL,Neutral Gov_Responsibility
SILJ,Neutral Gov_Responsibility
SIMS,High Gov_Responsibility
SIXA,High Gov_Responsibility
SIXH,High Gov_Responsibility
SIXL,Neutral Gov_Responsibility
SIXS,Neutral Gov_Responsibility
SIZE,Neutral Gov_Responsibility
SJNK,Neutral Gov_Responsibility
SKOR,High Gov_Responsibility
SKYU,Neutral Gov_Responsibility
SKYY,Neutral Gov_Responsibility
SLQD,High Gov_Responsibility
SLT,Neutral Gov_Responsibility
SLVP,Neutral Gov_Responsibility
SLX,Low Gov_Responsibility
SLY,Neutral Gov_Responsibility
SLYG,Neutral Gov_Responsibility
SLYV,Neutral Gov_Responsibility
SMCP,Neutral Gov_Responsibility
SMDV,Neutral Gov_Responsibility
SMDY,Neutral Gov_Responsibility
SMEZ,Low Gov_Responsibility
SMH,Neutral Gov_Responsibility
SMLF,Neutral Gov_Responsibility
SMLV,Neutral Gov_Responsibility
SMMD,Neutral Gov_Responsibility
SMMV,Neutral Gov_Responsibility
SMOG,Low Gov_Responsibility
SNPE,High Gov_Responsibility
SNSR,High Gov_Responsibility
SNUG,Neutral Gov_Responsibility
SOCL,Low Gov_Responsibility
SOXL,Neutral Gov_Responsibility
SOXS,High Gov_Responsibility
SOXX,Neutral Gov_Responsibility
SPAB,High Gov_Responsibility
SPBO,High Gov_Responsibility
SPD,High Gov_Responsibility
SPDV,Neutral Gov_Responsibility
SPDW,Low Gov_Responsibility
SPEM,Low Gov_Responsibility
SPEU,Low Gov_Responsibility
SPFF,High Gov_Responsibility
SPGM,High Gov_Responsibility
SPGP,Neutral Gov_Responsibility
SPHB,Neutral Gov_Responsibility
SPHD,Neutral Gov_Responsibility
SPHQ,High Gov_Responsibility
SPHY,Neutral Gov_Responsibility
SPIB,High Gov_Responsibility
SPIP,High Gov_Responsibility
SPLB,High Gov_Responsibility
SPLG,High Gov_Responsibility
SPLV,Neutral Gov_Responsibility
SPMD,Neutral Gov_Responsibility
SPMO,High Gov_Responsibility
SPMV,High Gov_Responsibility
SPRE,Neutral Gov_Responsibility
SPSB,High Gov_Responsibility
SPSK,Low Gov_Responsibility
SPSM,Neutral Gov_Responsibility
SPTI,High Gov_Responsibility
SPTM,High Gov_Responsibility
SPTS,High Gov_Responsibility
SPUC,High Gov_Responsibility
SPUS,High Gov_Responsibility
SPUU,High Gov_Responsibility
SPVM,Neutral Gov_Responsibility
SPVU,High Gov_Responsibility
SPXB,High Gov_Responsibility
SPXE,High Gov_Responsibility
SPXL,High Gov_Responsibility
SPXN,High Gov_Responsibility
SPXT,High Gov_Responsibility
SPXV,High Gov_Responsibility
SPY,High Gov_Responsibility
SPYC,High Gov_Responsibility
SPYD,Neutral Gov_Responsibility
SPYG,High Gov_Responsibility
SPYV,High Gov_Responsibility
SPYX,High Gov_Responsibility
SQEW,Low Gov_Responsibility
SQLV,Neutral Gov_Responsibility
SRET,Neutral Gov_Responsibility
SRVR,Neutral Gov_Responsibility
SSLY,Neutral Gov_Responsibility
SSO,High Gov_Responsibility
SSPY,Neutral Gov_Responsibility
STLC,High Gov_Responsibility
STLG,High Gov_Responsibility
STLV,High Gov_Responsibility
STMB,Neutral Gov_Responsibility
STSB,Neutral Gov_Responsibility
SUSA,High Gov_Responsibility
SUSB,High Gov_Responsibility
SUSC,High Gov_Responsibility
SUSL,High Gov_Responsibility
SVAL,Neutral Gov_Responsibility
SWAN,High Gov_Responsibility
SYE,High Gov_Responsibility
SYG,High Gov_Responsibility
SYLD,Neutral Gov_Responsibility
SYV,High Gov_Responsibility
SZNE,Neutral Gov_Responsibility
TAAG,High Gov_Responsibility
TACE,High Gov_Responsibility
TADS,High Gov_Responsibility
TAEQ,High Gov_Responsibility
TAN,Low Gov_Responsibility
TCHP,High Gov_Responsibility
TCTL,High Gov_Responsibility
TDIV,High Gov_Responsibility
TDSA,High Gov_Responsibility
TDSB,High Gov_Responsibility
TDSC,High Gov_Responsibility
TDSD,High Gov_Responsibility
TDSE,Neutral Gov_Responsibility
TDV,Neutral Gov_Responsibility
TDVG,High Gov_Responsibility
TECB,Neutral Gov_Responsibility
TECL,High Gov_Responsibility
TEGS,High Gov_Responsibility
TEQI,High Gov_Responsibility
TERM,High Gov_Responsibility
TFIV,High Gov_Responsibility
TFLT,High Gov_Responsibility
TGRW,High Gov_Responsibility
THD,Low Gov_Responsibility
THNQ,Neutral Gov_Responsibility
THY,Neutral Gov_Responsibility
TILT,Neutral Gov_Responsibility
TIPX,High Gov_Responsibility
TLTD,Low Gov_Responsibility
TLTE,Low Gov_Responsibility
TMDV,Neutral Gov_Responsibility
TMF,High Gov_Responsibility
TMFC,High Gov_Responsibility
TNA,High Gov_Responsibility
TOK,High Gov_Responsibility
TOKE,High Gov_Responsibility
TOLZ,High Gov_Responsibility
TPAY,Neutral Gov_Responsibility
TPHD,Neutral Gov_Responsibility
TPIF,Low Gov_Responsibility
TPLC,Neutral Gov_Responsibility
TPOR,High Gov_Responsibility
TPSC,Neutral Gov_Responsibility
TPYP,Neutral Gov_Responsibility
TQQQ,High Gov_Responsibility
TRND,High Gov_Responsibility
TRTY,High Gov_Responsibility
TTAC,High Gov_Responsibility
TUR,Low Gov_Responsibility
TUSA,Neutral Gov_Responsibility
TYD,High Gov_Responsibility
UAE,Low Gov_Responsibility
UBOT,High Gov_Responsibility
UCC,High Gov_Responsibility
UDOW,High Gov_Responsibility
UEVM,Low Gov_Responsibility
UFO,Low Gov_Responsibility
UGE,Neutral Gov_Responsibility
UITB,High Gov_Responsibility
UIVM,Low Gov_Responsibility
ULST,High Gov_Responsibility
ULVM,Neutral Gov_Responsibility
UMDD,High Gov_Responsibility
UPRO,High Gov_Responsibility
UPW,Neutral Gov_Responsibility
URE,Neutral Gov_Responsibility
URTH,High Gov_Responsibility
USAI,Neutral Gov_Responsibility
USD,High Gov_Responsibility
USEQ,Neutral Gov_Responsibility
USHY,Neutral Gov_Responsibility
USI,High Gov_Responsibility
USIG,High Gov_Responsibility
USLB,Neutral Gov_Responsibility
USMC,High Gov_Responsibility
USMF,Neutral Gov_Responsibility
USMV,Neutral Gov_Responsibility
USRT,Neutral Gov_Responsibility
USSG,High Gov_Responsibility
USVM,Neutral Gov_Responsibility
USXF,Neutral Gov_Responsibility
UTES,Neutral Gov_Responsibility
UTRN,Neutral Gov_Responsibility
UTSL,Neutral Gov_Responsibility
UWM,High Gov_Responsibility
UXI,High Gov_Responsibility
UYG,High Gov_Responsibility
UYM,Neutral Gov_Responsibility
VALQ,Neutral Gov_Responsibility
VALT,High Gov_Responsibility
VAMO,Neutral Gov_Responsibility
VAW,Neutral Gov_Responsibility
VB,Neutral Gov_Responsibility
VBK,Neutral Gov_Responsibility
VBND,High Gov_Responsibility
VBR,Neutral Gov_Responsibility
VCAR,Neutral Gov_Responsibility
VCEB,High Gov_Responsibility
VCIT,High Gov_Responsibility
VCLO,Neutral Gov_Responsibility
VCLT,High Gov_Responsibility
VCR,Neutral Gov_Responsibility
VCSH,High Gov_Responsibility
VDC,High Gov_Responsibility
VDE,Neutral Gov_Responsibility
VEA,Low Gov_Responsibility
VEGA,High Gov_Responsibility
VEGI,High Gov_Responsibility
VEGN,High Gov_Responsibility
VETS,High Gov_Responsibility
VEU,Low Gov_Responsibility
VFH,High Gov_Responsibility
VFIN,Neutral Gov_Responsibility
VFLQ,Neutral Gov_Responsibility
VFMF,Neutral Gov_Responsibility
VFMO,Neutral Gov_Responsibility
VFMV,Neutral Gov_Responsibility
VFQY,Neutral Gov_Responsibility
VFVA,Neutral Gov_Responsibility
VGK,Low Gov_Responsibility
VGT,High Gov_Responsibility
VHT,High Gov_Responsibility
VIDI,Low Gov_Responsibility
VIG,High Gov_Responsibility
VIGI,Low Gov_Responsibility
VIOG,Neutral Gov_Responsibility
VIOO,Neutral Gov_Responsibility
VIOV,Neutral Gov_Responsibility
VIRS,High Gov_Responsibility
VIS,Neutral Gov_Responsibility
VLU,High Gov_Responsibility
VLUE,High Gov_Responsibility
VMOT,Low Gov_Responsibility
VNLA,High Gov_Responsibility
VNMC,Neutral Gov_Responsibility
VNQ,Neutral Gov_Responsibility
VNQI,Low Gov_Responsibility
VO,Neutral Gov_Responsibility
VOE,Neutral Gov_Responsibility
VONE,High Gov_Responsibility
VONG,High Gov_Responsibility
VONV,High Gov_Responsibility
VOO,High Gov_Responsibility
VOOG,High Gov_Responsibility
VOOV,High Gov_Responsibility
VOT,Neutral Gov_Responsibility
VOX,Neutral Gov_Responsibility
VPL,Low Gov_Responsibility
VPN,Neutral Gov_Responsibility
VPOP,Neutral Gov_Responsibility
VPU,Neutral Gov_Responsibility
VRAI,Neutral Gov_Responsibility
VRP,High Gov_Responsibility
VSDA,Neutral Gov_Responsibility
VSGX,Low Gov_Responsibility
VSL,Neutral Gov_Responsibility
VSMV,High Gov_Responsibility
VSS,Low Gov_Responsibility
VT,High Gov_Responsibility
VTC,High Gov_Responsibility
VTHR,High Gov_Responsibility
VTI,High Gov_Responsibility
VTRN,High Gov_Responsibility
VTV,High Gov_Responsibility
VTWG,Neutral Gov_Responsibility
VTWO,Neutral Gov_Responsibility
VTWV,Neutral Gov_Responsibility
VUG,High Gov_Responsibility
VUSE,Neutral Gov_Responsibility
VV,High Gov_Responsibility
VWID,Low Gov_Responsibility
VWO,Low Gov_Responsibility
VWOB,High Gov_Responsibility
VXF,Neutral Gov_Responsibility
VXUS,Low Gov_Responsibility
VYM,High Gov_Responsibility
VYMI,Low Gov_Responsibility
WANT,High Gov_Responsibility
WBIE,High Gov_Responsibility
WBIF,Neutral Gov_Responsibility
WBIG,Neutral Gov_Responsibility
WBII,Neutral Gov_Responsibility
WBIL,High Gov_Responsibility
WBIN,Neutral Gov_Responsibility
WBIT,Neutral Gov_Responsibility
WBIY,Neutral Gov_Responsibility
WCLD,Neutral Gov_Responsibility
WDIV,Low Gov_Responsibility
WEBL,Neutral Gov_Responsibility
WEBS,High Gov_Responsibility
WFH,Neutral Gov_Responsibility
WFHY,Neutral Gov_Responsibility
WFIG,High Gov_Responsibility
WINC,High Gov_Responsibility
WIP,High Gov_Responsibility
WIZ,Neutral Gov_Responsibility
WLDR,High Gov_Responsibility
WOMN,High Gov_Responsibility
WOOD,High Gov_Responsibility
WPS,Low Gov_Responsibility
WUGI,Neutral Gov_Responsibility
WWJD,Low Gov_Responsibility
WWOW,Neutral Gov_Responsibility
XAR,Neutral Gov_Responsibility
XBI,Neutral Gov_Responsibility
XCEM,Low Gov_Responsibility
XES,Neutral Gov_Responsibility
XHB,Neutral Gov_Responsibility
XHE,Neutral Gov_Responsibility
XHS,Neutral Gov_Responsibility
XITK,Neutral Gov_Responsibility
XJH,Neutral Gov_Responsibility
XJR,Neutral Gov_Responsibility
XLB,Neutral Gov_Responsibility
XLC,Neutral Gov_Responsibility
XLE,Neutral Gov_Responsibility
XLF,High Gov_Responsibility
XLG,High Gov_Responsibility
XLI,Neutral Gov_Responsibility
XLK,High Gov_Responsibility
XLP,High Gov_Responsibility
XLRE,Neutral Gov_Responsibility
XLSR,High Gov_Responsibility
XLU,Neutral Gov_Responsibility
XLV,High Gov_Responsibility
XLY,Neutral Gov_Responsibility
XME,Neutral Gov_Responsibility
XMHQ,Neutral Gov_Responsibility
XMLV,Neutral Gov_Responsibility
XMMO,Neutral Gov_Responsibility
XMVM,Neutral Gov_Responsibility
XNTK,Neutral Gov_Responsibility
XOP,Neutral Gov_Responsibility
XPH,Neutral Gov_Responsibility
XRLV,Neutral Gov_Responsibility
XRT,Neutral Gov_Responsibility
XSD,Neutral Gov_Responsibility
XSHD,Neutral Gov_Responsibility
XSHQ,Neutral Gov_Responsibility
XSLV,Neutral Gov_Responsibility
XSMO,Neutral Gov_Responsibility
XSOE,Low Gov_Responsibility
XSVM,Neutral Gov_Responsibility
XSW,Neutral Gov_Responsibility
XT,High Gov_Responsibility
XTL,Neutral Gov_Responsibility
XTN,Neutral Gov_Responsibility
XVV,High Gov_Responsibility
XWEB,Neutral Gov_Responsibility
XYLD,High Gov_Responsibility
XYLG,High Gov_Responsibility
YINN,Low Gov_Responsibility
YLD,High Gov_Responsibility
YLDE,High Gov_Responsibility
ZCAN,High Gov_Responsibility
ZDEU,Low Gov_Responsibility
ZGBR,High Gov_Responsibility
ZHOK,Low Gov_Responsibility
ZIG,High Gov_Responsibility
ZJPN,Low Gov_Responsibility
