Symbol,kmean_env_cluster
AADR,Low Env_Responsibility
AAXJ,Low Env_Responsibility
ABEQ,Low Env_Responsibility
ACES,High Env_Responsibility
ACIO,High Env_Responsibility
ACSG,Neutral Env_Responsibility
ACSI,Neutral Env_Responsibility
ACTV,Neutral Env_Responsibility
ACVF,Neutral Env_Responsibility
ACWF,Neutral Env_Responsibility
ACWI,High Env_Responsibility
ACWV,Neutral Env_Responsibility
ACWX,Low Env_Responsibility
ADFI,Neutral Env_Responsibility
ADME,High Env_Responsibility
ADRE,Low Env_Responsibility
AESR,High Env_Responsibility
AFIF,Neutral Env_Responsibility
AFK,Low Env_Responsibility
AFLG,High Env_Responsibility
AFMC,Neutral Env_Responsibility
AFSM,Neutral Env_Responsibility
AFTY,Neutral Env_Responsibility
AGG,Neutral Env_Responsibility
AGT,Low Env_Responsibility
AGZ,High Env_Responsibility
AGZD,Neutral Env_Responsibility
AIA,Low Env_Responsibility
AIEQ,High Env_Responsibility
AIIQ,Neutral Env_Responsibility
AIQ,High Env_Responsibility
AIRR,Neutral Env_Responsibility
ALFA,High Env_Responsibility
ALTL,Low Env_Responsibility
ALTY,Neutral Env_Responsibility
AMCA,Neutral Env_Responsibility
AMER,Low Env_Responsibility
AMLP,Neutral Env_Responsibility
AMOM,High Env_Responsibility
ANEW,Neutral Env_Responsibility
ANGL,Low Env_Responsibility
AOA,Neutral Env_Responsibility
AOK,Neutral Env_Responsibility
AOM,Neutral Env_Responsibility
AOR,Neutral Env_Responsibility
ARCM,Neutral Env_Responsibility
ARGT,Low Env_Responsibility
ARKF,High Env_Responsibility
ARKG,Neutral Env_Responsibility
ARKK,High Env_Responsibility
ARKQ,High Env_Responsibility
ARKW,High Env_Responsibility
ARMR,High Env_Responsibility
ASEA,Low Env_Responsibility
ASET,Low Env_Responsibility
ASHR,Neutral Env_Responsibility
ASHX,Neutral Env_Responsibility
AUSF,Neutral Env_Responsibility
AVDE,Low Env_Responsibility
AVDV,Neutral Env_Responsibility
AVEM,Low Env_Responsibility
AVIG,Neutral Env_Responsibility
AVSF,Neutral Env_Responsibility
AVUS,High Env_Responsibility
AVUV,Neutral Env_Responsibility
AWAY,High Env_Responsibility
AWTM,Neutral Env_Responsibility
BATT,High Env_Responsibility
BBAX,Low Env_Responsibility
BBC,Neutral Env_Responsibility
BBCA,Neutral Env_Responsibility
BBEU,Low Env_Responsibility
BBH,Neutral Env_Responsibility
BBIN,Low Env_Responsibility
BBJP,Neutral Env_Responsibility
BBMC,Neutral Env_Responsibility
BBP,Neutral Env_Responsibility
BBRE,Neutral Env_Responsibility
BBSA,Neutral Env_Responsibility
BBSC,Neutral Env_Responsibility
BBUS,High Env_Responsibility
BETZ,Neutral Env_Responsibility
BFIT,Neutral Env_Responsibility
BFOR,Neutral Env_Responsibility
BFTR,Neutral Env_Responsibility
BGRN,Neutral Env_Responsibility
BIB,Neutral Env_Responsibility
BIBL,Neutral Env_Responsibility
BICK,Low Env_Responsibility
BIL,Neutral Env_Responsibility
BILS,Neutral Env_Responsibility
BIV,Neutral Env_Responsibility
BJK,Neutral Env_Responsibility
BKAG,Neutral Env_Responsibility
BKEM,Low Env_Responsibility
BKF,Neutral Env_Responsibility
BKHY,Neutral Env_Responsibility
BKIE,Low Env_Responsibility
BKLC,High Env_Responsibility
BKMC,Neutral Env_Responsibility
BKSB,Neutral Env_Responsibility
BKSE,Neutral Env_Responsibility
BLCN,High Env_Responsibility
BLDG,Neutral Env_Responsibility
BLES,Neutral Env_Responsibility
BLHY,Neutral Env_Responsibility
BLOK,High Env_Responsibility
BLV,Neutral Env_Responsibility
BMED,Neutral Env_Responsibility
BND,Neutral Env_Responsibility
BNDC,Neutral Env_Responsibility
BNDW,Neutral Env_Responsibility
BNDX,Neutral Env_Responsibility
BNE,High Env_Responsibility
BOSS,High Env_Responsibility
BOTZ,High Env_Responsibility
BOUT,High Env_Responsibility
BRF,Neutral Env_Responsibility
BRZU,Low Env_Responsibility
BSAE,Neutral Env_Responsibility
BSBE,Low Env_Responsibility
BSCE,Low Env_Responsibility
BSCL,Neutral Env_Responsibility
BSCM,Neutral Env_Responsibility
BSCN,Neutral Env_Responsibility
BSCO,Neutral Env_Responsibility
BSCP,Neutral Env_Responsibility
BSCQ,Neutral Env_Responsibility
BSCR,Neutral Env_Responsibility
BSCS,Neutral Env_Responsibility
BSCT,Neutral Env_Responsibility
BSCU,Low Env_Responsibility
BSDE,Low Env_Responsibility
BSJL,Neutral Env_Responsibility
BSJM,Neutral Env_Responsibility
BSJN,Low Env_Responsibility
BSJO,Neutral Env_Responsibility
BSJP,Neutral Env_Responsibility
BSJQ,Neutral Env_Responsibility
BSJR,Neutral Env_Responsibility
BSJS,Neutral Env_Responsibility
BSV,Neutral Env_Responsibility
BTEC,Neutral Env_Responsibility
BTEK,High Env_Responsibility
BUG,High Env_Responsibility
BUL,High Env_Responsibility
BUYZ,High Env_Responsibility
BWX,Neutral Env_Responsibility
BYLD,Neutral Env_Responsibility
CACG,High Env_Responsibility
CALF,Neutral Env_Responsibility
CARZ,High Env_Responsibility
CATH,High Env_Responsibility
CBSE,Neutral Env_Responsibility
CBTG,Neutral Env_Responsibility
CCON,High Env_Responsibility
CCOR,Neutral Env_Responsibility
CDC,Neutral Env_Responsibility
CDL,Neutral Env_Responsibility
CEFA,Low Env_Responsibility
CEMB,Low Env_Responsibility
CEY,Low Env_Responsibility
CFA,Neutral Env_Responsibility
CFCV,High Env_Responsibility
CFO,Neutral Env_Responsibility
CGW,Neutral Env_Responsibility
CHB,Neutral Env_Responsibility
CHGX,High Env_Responsibility
CHIC,High Env_Responsibility
CHIE,Low Env_Responsibility
CHIH,Neutral Env_Responsibility
CHII,High Env_Responsibility
CHIK,High Env_Responsibility
CHIL,High Env_Responsibility
CHIM,Low Env_Responsibility
CHIQ,High Env_Responsibility
CHIR,Neutral Env_Responsibility
CHIS,Low Env_Responsibility
CHIU,Low Env_Responsibility
CHIX,High Env_Responsibility
CIBR,High Env_Responsibility
CID,Low Env_Responsibility
CIL,Neutral Env_Responsibility
CIZ,Neutral Env_Responsibility
CLIX,High Env_Responsibility
CLOU,High Env_Responsibility
CLRG,High Env_Responsibility
CN,High Env_Responsibility
CNCR,Neutral Env_Responsibility
CNRG,High Env_Responsibility
CNXT,High Env_Responsibility
CNYA,Neutral Env_Responsibility
COPX,Low Env_Responsibility
CORP,Neutral Env_Responsibility
COWZ,Neutral Env_Responsibility
CPI,Neutral Env_Responsibility
CQQQ,High Env_Responsibility
CRAK,Low Env_Responsibility
CRBN,High Env_Responsibility
CSA,Neutral Env_Responsibility
CSB,Neutral Env_Responsibility
CSD,Low Env_Responsibility
CSF,Neutral Env_Responsibility
CSM,High Env_Responsibility
CSML,Neutral Env_Responsibility
CTEC,High Env_Responsibility
CURE,Neutral Env_Responsibility
CUT,Low Env_Responsibility
CVY,Neutral Env_Responsibility
CWB,High Env_Responsibility
CWEB,Neutral Env_Responsibility
CWI,Low Env_Responsibility
CWS,Neutral Env_Responsibility
CXSE,High Env_Responsibility
CZA,Neutral Env_Responsibility
DALI,High Env_Responsibility
DALT,Neutral Env_Responsibility
DAX,Low Env_Responsibility
DBEF,Low Env_Responsibility
DBEM,Low Env_Responsibility
DBEU,Low Env_Responsibility
DBEZ,Low Env_Responsibility
DBGR,Low Env_Responsibility
DBJP,Neutral Env_Responsibility
DBLV,Neutral Env_Responsibility
DDIV,Neutral Env_Responsibility
DDLS,Neutral Env_Responsibility
DDM,Neutral Env_Responsibility
DDWM,Low Env_Responsibility
DEEF,Neutral Env_Responsibility
DEEP,Neutral Env_Responsibility
DEF,High Env_Responsibility
DEFA,Low Env_Responsibility
DEM,Low Env_Responsibility
DEMZ,High Env_Responsibility
DES,Neutral Env_Responsibility
DEUS,Neutral Env_Responsibility
DEW,Low Env_Responsibility
DFAE,Low Env_Responsibility
DFAI,Low Env_Responsibility
DFAU,High Env_Responsibility
DFE,Neutral Env_Responsibility
DFEN,High Env_Responsibility
DFJ,Neutral Env_Responsibility
DFND,High Env_Responsibility
DFNL,High Env_Responsibility
DFNV,High Env_Responsibility
DGRE,Low Env_Responsibility
DGRO,Neutral Env_Responsibility
DGRS,Neutral Env_Responsibility
DGRW,Neutral Env_Responsibility
DGT,Low Env_Responsibility
DHS,Neutral Env_Responsibility
DIA,High Env_Responsibility
DIAL,Neutral Env_Responsibility
DIG,Low Env_Responsibility
DIM,Neutral Env_Responsibility
DINT,High Env_Responsibility
DIV,Low Env_Responsibility
DIVA,Neutral Env_Responsibility
DIVB,Neutral Env_Responsibility
DIVO,Neutral Env_Responsibility
DJD,Neutral Env_Responsibility
DLN,Neutral Env_Responsibility
DLS,Neutral Env_Responsibility
DMDV,Low Env_Responsibility
DMRE,Low Env_Responsibility
DMRI,Low Env_Responsibility
DMRL,High Env_Responsibility
DMRM,Neutral Env_Responsibility
DMRS,Neutral Env_Responsibility
DMXF,Neutral Env_Responsibility
DNL,Low Env_Responsibility
DOL,Low Env_Responsibility
DON,Neutral Env_Responsibility
DOO,Low Env_Responsibility
DPST,High Env_Responsibility
DRIV,High Env_Responsibility
DRN,Neutral Env_Responsibility
DRSK,Neutral Env_Responsibility
DRW,Neutral Env_Responsibility
DSI,High Env_Responsibility
DSTL,Neutral Env_Responsibility
DSTX,Neutral Env_Responsibility
DTD,Neutral Env_Responsibility
DTEC,High Env_Responsibility
DTH,Low Env_Responsibility
DTN,Neutral Env_Responsibility
DURA,Low Env_Responsibility
DUSA,High Env_Responsibility
DUSL,Neutral Env_Responsibility
DVLU,High Env_Responsibility
DVOL,High Env_Responsibility
DVY,Neutral Env_Responsibility
DVYA,Neutral Env_Responsibility
DVYE,Low Env_Responsibility
DWAS,Neutral Env_Responsibility
DWAT,High Env_Responsibility
DWAW,High Env_Responsibility
DWCR,Low Env_Responsibility
DWEQ,High Env_Responsibility
DWFI,Neutral Env_Responsibility
DWLD,High Env_Responsibility
DWM,Low Env_Responsibility
DWMF,Neutral Env_Responsibility
DWPP,High Env_Responsibility
DWX,Neutral Env_Responsibility
DXGE,Low Env_Responsibility
DXJ,Neutral Env_Responsibility
DXJS,Neutral Env_Responsibility
DYHG,High Env_Responsibility
DYNF,High Env_Responsibility
EAGG,Neutral Env_Responsibility
EAOA,High Env_Responsibility
EAOK,Neutral Env_Responsibility
EAOM,Neutral Env_Responsibility
EAOR,Neutral Env_Responsibility
EASG,Neutral Env_Responsibility
EBIZ,High Env_Responsibility
EBLU,Neutral Env_Responsibility
EBND,Neutral Env_Responsibility
ECH,Low Env_Responsibility
ECLN,High Env_Responsibility
ECON,Low Env_Responsibility
ECOW,Low Env_Responsibility
ECOZ,High Env_Responsibility
EDC,Neutral Env_Responsibility
EDEN,High Env_Responsibility
EDIV,Low Env_Responsibility
EDOC,High Env_Responsibility
EDOG,Low Env_Responsibility
EDOW,Neutral Env_Responsibility
EDUT,High Env_Responsibility
EELV,Low Env_Responsibility
EEM,Low Env_Responsibility
EEMA,Low Env_Responsibility
EEMD,Low Env_Responsibility
EEMO,Low Env_Responsibility
EEMV,Low Env_Responsibility
EEMX,Low Env_Responsibility
EES,Neutral Env_Responsibility
EFA,Low Env_Responsibility
EFAD,Neutral Env_Responsibility
EFAS,Neutral Env_Responsibility
EFAV,Neutral Env_Responsibility
EFAX,Neutral Env_Responsibility
EFG,Neutral Env_Responsibility
EFIV,High Env_Responsibility
EFNL,Neutral Env_Responsibility
EFV,Low Env_Responsibility
EGIS,High Env_Responsibility
EIDO,Low Env_Responsibility
EINC,Neutral Env_Responsibility
EIRL,Low Env_Responsibility
EIS,Low Env_Responsibility
EKAR,High Env_Responsibility
ELD,Neutral Env_Responsibility
EMAG,Neutral Env_Responsibility
EMB,Neutral Env_Responsibility
EMBD,Neutral Env_Responsibility
EMBH,Neutral Env_Responsibility
EMCB,Low Env_Responsibility
EMDV,Low Env_Responsibility
EMFM,Low Env_Responsibility
EMGF,Low Env_Responsibility
EMHY,Neutral Env_Responsibility
EMIF,Low Env_Responsibility
EMLC,Neutral Env_Responsibility
EMLP,High Env_Responsibility
EMMF,Low Env_Responsibility
EMNT,Neutral Env_Responsibility
EMQQ,High Env_Responsibility
EMSG,Low Env_Responsibility
EMSH,Neutral Env_Responsibility
EMTL,Low Env_Responsibility
EMXC,Low Env_Responsibility
EMXF,Low Env_Responsibility
ENFR,Neutral Env_Responsibility
ENOR,Low Env_Responsibility
ENTR,High Env_Responsibility
ENZL,High Env_Responsibility
EPHE,Neutral Env_Responsibility
EPI,Low Env_Responsibility
EPOL,Neutral Env_Responsibility
EPP,Low Env_Responsibility
EPRF,Neutral Env_Responsibility
EPS,Neutral Env_Responsibility
EPU,Low Env_Responsibility
EQAL,Neutral Env_Responsibility
EQL,Low Env_Responsibility
EQOP,High Env_Responsibility
EQRR,Low Env_Responsibility
EQWL,Neutral Env_Responsibility
ERM,Neutral Env_Responsibility
ERSX,High Env_Responsibility
ERUS,Low Env_Responsibility
ERX,Low Env_Responsibility
ESCR,Neutral Env_Responsibility
ESEB,Neutral Env_Responsibility
ESG,High Env_Responsibility
ESGA,High Env_Responsibility
ESGD,Neutral Env_Responsibility
ESGE,Low Env_Responsibility
ESGG,High Env_Responsibility
ESGN,Low Env_Responsibility
ESGS,Neutral Env_Responsibility
ESGU,High Env_Responsibility
ESGV,High Env_Responsibility
ESHY,Neutral Env_Responsibility
ESML,Neutral Env_Responsibility
ESNG,High Env_Responsibility
ESPO,High Env_Responsibility
ETHO,Neutral Env_Responsibility
EUDG,Low Env_Responsibility
EUDV,Neutral Env_Responsibility
EUFN,High Env_Responsibility
EURL,Neutral Env_Responsibility
EURZ,Low Env_Responsibility
EUSA,Neutral Env_Responsibility
EUSB,Neutral Env_Responsibility
EUSC,Neutral Env_Responsibility
EVX,Low Env_Responsibility
EWA,Low Env_Responsibility
EWC,Neutral Env_Responsibility
EWCO,High Env_Responsibility
EWD,High Env_Responsibility
EWEB,High Env_Responsibility
EWG,Low Env_Responsibility
EWGS,Neutral Env_Responsibility
EWH,Neutral Env_Responsibility
EWI,Neutral Env_Responsibility
EWJ,Neutral Env_Responsibility
EWJE,Neutral Env_Responsibility
EWJV,Neutral Env_Responsibility
EWK,Neutral Env_Responsibility
EWL,Low Env_Responsibility
EWM,Neutral Env_Responsibility
EWMC,Neutral Env_Responsibility
EWN,High Env_Responsibility
EWO,Neutral Env_Responsibility
EWP,Low Env_Responsibility
EWQ,Neutral Env_Responsibility
EWRE,Neutral Env_Responsibility
EWS,Low Env_Responsibility
EWSC,Neutral Env_Responsibility
EWT,Low Env_Responsibility
EWU,Low Env_Responsibility
EWUS,Neutral Env_Responsibility
EWW,Low Env_Responsibility
EWY,Neutral Env_Responsibility
EWZ,Low Env_Responsibility
EWZS,Neutral Env_Responsibility
EXI,Neutral Env_Responsibility
EZA,Low Env_Responsibility
EZM,Neutral Env_Responsibility
EZU,Low Env_Responsibility
FAB,Neutral Env_Responsibility
FAD,High Env_Responsibility
FALN,Low Env_Responsibility
FAN,High Env_Responsibility
FAS,High Env_Responsibility
FBCG,High Env_Responsibility
FBCV,Neutral Env_Responsibility
FBND,Neutral Env_Responsibility
FBT,Neutral Env_Responsibility
FBZ,Low Env_Responsibility
FCA,Neutral Env_Responsibility
FCEF,Neutral Env_Responsibility
FCG,Low Env_Responsibility
FCOM,High Env_Responsibility
FCOR,Neutral Env_Responsibility
FCPI,Neutral Env_Responsibility
FCTR,Low Env_Responsibility
FCVT,High Env_Responsibility
FDD,Low Env_Responsibility
FDEM,Low Env_Responsibility
FDEV,Low Env_Responsibility
FDG,High Env_Responsibility
FDHY,Neutral Env_Responsibility
FDIS,High Env_Responsibility
FDIV,Neutral Env_Responsibility
FDL,Neutral Env_Responsibility
FDLO,High Env_Responsibility
FDMO,High Env_Responsibility
FDN,High Env_Responsibility
FDNI,High Env_Responsibility
FDRR,Neutral Env_Responsibility
FDT,Neutral Env_Responsibility
FDTS,Neutral Env_Responsibility
FDVV,Low Env_Responsibility
FEM,Low Env_Responsibility
FEMB,Neutral Env_Responsibility
FENY,Low Env_Responsibility
FEP,Neutral Env_Responsibility
FEUZ,Neutral Env_Responsibility
FEVR,High Env_Responsibility
FEX,High Env_Responsibility
FEZ,Low Env_Responsibility
FFHG,Neutral Env_Responsibility
FFIU,Neutral Env_Responsibility
FFR,Neutral Env_Responsibility
FFSG,Neutral Env_Responsibility
FFTG,Low Env_Responsibility
FFTI,Neutral Env_Responsibility
FFTY,High Env_Responsibility
FGD,Neutral Env_Responsibility
FGM,Low Env_Responsibility
FHLC,Neutral Env_Responsibility
FICS,Neutral Env_Responsibility
FID,Neutral Env_Responsibility
FIDI,Low Env_Responsibility
FIDU,Neutral Env_Responsibility
FILL,Low Env_Responsibility
FINX,High Env_Responsibility
FISR,Neutral Env_Responsibility
FITE,High Env_Responsibility
FIVA,Low Env_Responsibility
FIVG,High Env_Responsibility
FIW,Neutral Env_Responsibility
FJNK,Neutral Env_Responsibility
FJP,Low Env_Responsibility
FKU,Neutral Env_Responsibility
FLAU,Low Env_Responsibility
FLAX,Low Env_Responsibility
FLBR,Low Env_Responsibility
FLCA,Neutral Env_Responsibility
FLCB,Neutral Env_Responsibility
FLCH,High Env_Responsibility
FLCO,Neutral Env_Responsibility
FLDR,High Env_Responsibility
FLEE,Low Env_Responsibility
FLEH,Low Env_Responsibility
FLFR,Neutral Env_Responsibility
FLGB,Low Env_Responsibility
FLGR,Low Env_Responsibility
FLHK,Neutral Env_Responsibility
FLHY,Neutral Env_Responsibility
FLIA,Neutral Env_Responsibility
FLIN,Low Env_Responsibility
FLIY,Neutral Env_Responsibility
FLJH,Neutral Env_Responsibility
FLJP,Neutral Env_Responsibility
FLKR,Neutral Env_Responsibility
FLLA,Low Env_Responsibility
FLLV,High Env_Responsibility
FLM,Neutral Env_Responsibility
FLMX,Low Env_Responsibility
FLN,Low Env_Responsibility
FLOT,High Env_Responsibility
FLQD,Neutral Env_Responsibility
FLQE,Low Env_Responsibility
FLQG,Low Env_Responsibility
FLQH,Low Env_Responsibility
FLQL,Neutral Env_Responsibility
FLQM,Neutral Env_Responsibility
FLQS,Neutral Env_Responsibility
FLRG,Neutral Env_Responsibility
FLRN,High Env_Responsibility
FLRU,Low Env_Responsibility
FLSA,Low Env_Responsibility
FLSP,Neutral Env_Responsibility
FLSW,Low Env_Responsibility
FLTB,Neutral Env_Responsibility
FLTR,High Env_Responsibility
FLTW,Low Env_Responsibility
FLUD,Neutral Env_Responsibility
FLV,Neutral Env_Responsibility
FLYT,Neutral Env_Responsibility
FLZA,Low Env_Responsibility
FMAT,Low Env_Responsibility
FMIL,Neutral Env_Responsibility
FNCL,High Env_Responsibility
FNDA,Neutral Env_Responsibility
FNDB,Neutral Env_Responsibility
FNDC,Neutral Env_Responsibility
FNDE,Low Env_Responsibility
FNDF,Low Env_Responsibility
FNDX,Neutral Env_Responsibility
FNI,High Env_Responsibility
FNK,Neutral Env_Responsibility
FNX,Neutral Env_Responsibility
FNY,Neutral Env_Responsibility
FOVL,Neutral Env_Responsibility
FPA,Low Env_Responsibility
FPE,High Env_Responsibility
FPEI,High Env_Responsibility
FPX,High Env_Responsibility
FPXE,High Env_Responsibility
FPXI,Neutral Env_Responsibility
FQAL,Neutral Env_Responsibility
FRAK,Low Env_Responsibility
FRDM,Low Env_Responsibility
FREL,Neutral Env_Responsibility
FRI,Neutral Env_Responsibility
FSMD,Neutral Env_Responsibility
FSTA,Low Env_Responsibility
FSZ,Neutral Env_Responsibility
FTA,Neutral Env_Responsibility
FTAG,Low Env_Responsibility
FTC,High Env_Responsibility
FTCS,Neutral Env_Responsibility
FTEC,High Env_Responsibility
FTHI,Neutral Env_Responsibility
FTLB,Neutral Env_Responsibility
FTLS,Neutral Env_Responsibility
FTRI,Low Env_Responsibility
FTSM,Neutral Env_Responsibility
FTXD,High Env_Responsibility
FTXG,Low Env_Responsibility
FTXH,Neutral Env_Responsibility
FTXL,Neutral Env_Responsibility
FTXN,Low Env_Responsibility
FTXO,High Env_Responsibility
FTXR,High Env_Responsibility
FUTY,Low Env_Responsibility
FV,High Env_Responsibility
FVAL,Neutral Env_Responsibility
FVC,High Env_Responsibility
FVD,Neutral Env_Responsibility
FWDB,Neutral Env_Responsibility
FXD,High Env_Responsibility
FXG,Low Env_Responsibility
FXH,Neutral Env_Responsibility
FXI,High Env_Responsibility
FXL,High Env_Responsibility
FXN,Low Env_Responsibility
FXO,High Env_Responsibility
FXR,Neutral Env_Responsibility
FXU,Low Env_Responsibility
FXZ,Low Env_Responsibility
FYC,Neutral Env_Responsibility
FYLD,Low Env_Responsibility
FYT,Neutral Env_Responsibility
FYX,Neutral Env_Responsibility
GAA,Neutral Env_Responsibility
GAL,Neutral Env_Responsibility
GAMR,High Env_Responsibility
GBDV,Low Env_Responsibility
GBF,Neutral Env_Responsibility
GBGR,High Env_Responsibility
GBLO,Neutral Env_Responsibility
GCOR,Neutral Env_Responsibility
GCOW,Low Env_Responsibility
GDMA,Low Env_Responsibility
GDX,Low Env_Responsibility
GDXJ,Low Env_Responsibility
GEM,Low Env_Responsibility
GENY,High Env_Responsibility
GERM,Neutral Env_Responsibility
GHYB,Neutral Env_Responsibility
GHYG,Neutral Env_Responsibility
GIGB,Neutral Env_Responsibility
GIGE,High Env_Responsibility
GII,Low Env_Responsibility
GINN,High Env_Responsibility
GLCN,Neutral Env_Responsibility
GLIF,High Env_Responsibility
GLIN,Low Env_Responsibility
GLRY,Neutral Env_Responsibility
GMF,Low Env_Responsibility
GMOM,Low Env_Responsibility
GNOM,Neutral Env_Responsibility
GNR,Low Env_Responsibility
GOAT,Neutral Env_Responsibility
GOAU,Low Env_Responsibility
GOEX,Low Env_Responsibility
GQRE,Neutral Env_Responsibility
GRES,Low Env_Responsibility
GRID,High Env_Responsibility
GRNB,High Env_Responsibility
GSEE,Low Env_Responsibility
GSEU,Low Env_Responsibility
GSEW,Neutral Env_Responsibility
GSID,Low Env_Responsibility
GSIE,Low Env_Responsibility
GSIG,Neutral Env_Responsibility
GSJY,Neutral Env_Responsibility
GSLC,High Env_Responsibility
GSSC,Neutral Env_Responsibility
GSUS,High Env_Responsibility
GSY,Neutral Env_Responsibility
GUNR,Low Env_Responsibility
GURU,Neutral Env_Responsibility
GVI,Neutral Env_Responsibility
GVIP,High Env_Responsibility
GWX,Neutral Env_Responsibility
GXC,High Env_Responsibility
GXF,High Env_Responsibility
GXG,Low Env_Responsibility
GXTG,Neutral Env_Responsibility
GYLD,Neutral Env_Responsibility
HACK,High Env_Responsibility
HAIL,High Env_Responsibility
HAP,Low Env_Responsibility
HAUZ,Neutral Env_Responsibility
HAWX,Low Env_Responsibility
HDAW,Low Env_Responsibility
HDEF,Low Env_Responsibility
HDG,Neutral Env_Responsibility
HDGE,Neutral Env_Responsibility
HDIV,Neutral Env_Responsibility
HDMV,Neutral Env_Responsibility
HDV,Low Env_Responsibility
HEDJ,Low Env_Responsibility
HEEM,Low Env_Responsibility
HEFA,Low Env_Responsibility
HELX,Neutral Env_Responsibility
HERD,Low Env_Responsibility
HERO,High Env_Responsibility
HEWC,Neutral Env_Responsibility
HEWG,Low Env_Responsibility
HEWJ,Neutral Env_Responsibility
HEWU,Low Env_Responsibility
HEWW,Low Env_Responsibility
HEZU,Low Env_Responsibility
HFXI,Low Env_Responsibility
HIBL,Neutral Env_Responsibility
HIPR,High Env_Responsibility
HJPX,Neutral Env_Responsibility
HLAL,High Env_Responsibility
HNDL,Neutral Env_Responsibility
HOLD,Neutral Env_Responsibility
HOMZ,Neutral Env_Responsibility
HSCZ,Neutral Env_Responsibility
HSMV,Neutral Env_Responsibility
HTEC,Neutral Env_Responsibility
HTUS,Neutral Env_Responsibility
HUSV,Neutral Env_Responsibility
HYDB,Neutral Env_Responsibility
HYDW,Neutral Env_Responsibility
HYEM,Low Env_Responsibility
HYG,Neutral Env_Responsibility
HYGH,Neutral Env_Responsibility
HYGV,Neutral Env_Responsibility
HYHG,Neutral Env_Responsibility
HYLB,Neutral Env_Responsibility
HYLV,Neutral Env_Responsibility
HYS,Neutral Env_Responsibility
HYTR,Neutral Env_Responsibility
HYUP,Neutral Env_Responsibility
HYXU,Neutral Env_Responsibility
HYZD,Neutral Env_Responsibility
IAGG,Neutral Env_Responsibility
IAI,High Env_Responsibility
IAK,High Env_Responsibility
IAT,High Env_Responsibility
IBB,Neutral Env_Responsibility
IBBJ,Neutral Env_Responsibility
IBCE,Low Env_Responsibility
IBD,Neutral Env_Responsibility
IBDD,Neutral Env_Responsibility
IBDM,Neutral Env_Responsibility
IBDN,Neutral Env_Responsibility
IBDO,Neutral Env_Responsibility
IBDP,Neutral Env_Responsibility
IBDQ,Neutral Env_Responsibility
IBDR,Neutral Env_Responsibility
IBDS,Neutral Env_Responsibility
IBDT,Neutral Env_Responsibility
IBDU,Neutral Env_Responsibility
IBDV,Low Env_Responsibility
IBHA,Neutral Env_Responsibility
IBHB,Neutral Env_Responsibility
IBHC,Neutral Env_Responsibility
IBHD,Neutral Env_Responsibility
IBHE,Neutral Env_Responsibility
IBHF,Neutral Env_Responsibility
IBND,Neutral Env_Responsibility
IBUY,High Env_Responsibility
ICF,Neutral Env_Responsibility
ICLN,High Env_Responsibility
ICOL,Low Env_Responsibility
ICOW,Low Env_Responsibility
ICSH,Neutral Env_Responsibility
ICVT,High Env_Responsibility
IDEV,Low Env_Responsibility
IDHD,Neutral Env_Responsibility
IDHQ,Neutral Env_Responsibility
IDLB,Neutral Env_Responsibility
IDLV,Neutral Env_Responsibility
IDMO,Neutral Env_Responsibility
IDNA,Neutral Env_Responsibility
IDOG,Low Env_Responsibility
IDRV,High Env_Responsibility
IDU,Low Env_Responsibility
IDV,Low Env_Responsibility
IDX,Low Env_Responsibility
IECS,Low Env_Responsibility
IEDI,High Env_Responsibility
IEFA,Low Env_Responsibility
IEFN,High Env_Responsibility
IEHS,High Env_Responsibility
IEIH,Neutral Env_Responsibility
IEME,High Env_Responsibility
IEMG,Low Env_Responsibility
IEO,Low Env_Responsibility
IETC,High Env_Responsibility
IEUR,Low Env_Responsibility
IEUS,Neutral Env_Responsibility
IEV,Low Env_Responsibility
IEZ,Neutral Env_Responsibility
IFGL,Neutral Env_Responsibility
IFRA,Neutral Env_Responsibility
IFV,Neutral Env_Responsibility
IG,Neutral Env_Responsibility
IGBH,Neutral Env_Responsibility
IGE,Low Env_Responsibility
IGEB,Neutral Env_Responsibility
IGF,Low Env_Responsibility
IGHG,Neutral Env_Responsibility
IGIB,Neutral Env_Responsibility
IGLB,Low Env_Responsibility
IGM,High Env_Responsibility
IGN,High Env_Responsibility
IGRO,Neutral Env_Responsibility
IGSB,Neutral Env_Responsibility
IGV,High Env_Responsibility
IHAK,High Env_Responsibility
IHDG,Low Env_Responsibility
IHE,Neutral Env_Responsibility
IHF,Neutral Env_Responsibility
IHI,High Env_Responsibility
IHY,Low Env_Responsibility
IIGD,Neutral Env_Responsibility
IIGV,Neutral Env_Responsibility
IJH,Neutral Env_Responsibility
IJJ,Neutral Env_Responsibility
IJK,Neutral Env_Responsibility
IJR,Neutral Env_Responsibility
IJS,Neutral Env_Responsibility
IJT,Neutral Env_Responsibility
ILF,Low Env_Responsibility
ILTB,Neutral Env_Responsibility
IMOM,High Env_Responsibility
IMTM,Neutral Env_Responsibility
INDA,Low Env_Responsibility
INDF,Low Env_Responsibility
INDL,Low Env_Responsibility
INDS,Neutral Env_Responsibility
INDY,Low Env_Responsibility
INFR,Neutral Env_Responsibility
INKM,Neutral Env_Responsibility
INTF,Low Env_Responsibility
IOO,Neutral Env_Responsibility
IPAC,Neutral Env_Responsibility
IPAY,High Env_Responsibility
IPFF,High Env_Responsibility
IPKW,Neutral Env_Responsibility
IPO,High Env_Responsibility
IPOS,High Env_Responsibility
IQDE,Low Env_Responsibility
IQDF,Low Env_Responsibility
IQDG,Low Env_Responsibility
IQDY,Low Env_Responsibility
IQIN,Low Env_Responsibility
IQLT,Neutral Env_Responsibility
IQM,High Env_Responsibility
IQSI,Low Env_Responsibility
IQSU,High Env_Responsibility
IRBO,High Env_Responsibility
ISCF,Neutral Env_Responsibility
ISDX,Low Env_Responsibility
ISEM,Low Env_Responsibility
ISMD,Neutral Env_Responsibility
ISRA,Low Env_Responsibility
ISTB,Neutral Env_Responsibility
ISZE,Neutral Env_Responsibility
ITA,High Env_Responsibility
ITB,Neutral Env_Responsibility
ITEQ,Low Env_Responsibility
ITOT,High Env_Responsibility
IUS,Neutral Env_Responsibility
IUSB,Neutral Env_Responsibility
IUSG,High Env_Responsibility
IUSS,Neutral Env_Responsibility
IUSV,Neutral Env_Responsibility
IVAL,Low Env_Responsibility
IVDG,High Env_Responsibility
IVE,Neutral Env_Responsibility
IVES,High Env_Responsibility
IVLC,High Env_Responsibility
IVLU,Low Env_Responsibility
IVOG,Neutral Env_Responsibility
IVOL,Neutral Env_Responsibility
IVOO,Neutral Env_Responsibility
IVOV,Neutral Env_Responsibility
IVRA,Neutral Env_Responsibility
IVSG,High Env_Responsibility
IVV,High Env_Responsibility
IVW,High Env_Responsibility
IWB,High Env_Responsibility
IWD,Neutral Env_Responsibility
IWF,High Env_Responsibility
IWFH,High Env_Responsibility
IWL,High Env_Responsibility
IWM,Neutral Env_Responsibility
IWN,Neutral Env_Responsibility
IWO,Neutral Env_Responsibility
IWP,High Env_Responsibility
IWR,Neutral Env_Responsibility
IWS,Neutral Env_Responsibility
IWV,High Env_Responsibility
IWX,Neutral Env_Responsibility
IWY,High Env_Responsibility
IXC,Low Env_Responsibility
IXG,High Env_Responsibility
IXJ,Neutral Env_Responsibility
IXN,High Env_Responsibility
IXP,High Env_Responsibility
IXSE,Low Env_Responsibility
IXUS,Low Env_Responsibility
IYC,High Env_Responsibility
IYE,Low Env_Responsibility
IYF,High Env_Responsibility
IYG,High Env_Responsibility
IYH,Neutral Env_Responsibility
IYJ,Neutral Env_Responsibility
IYK,High Env_Responsibility
IYLD,Neutral Env_Responsibility
IYM,Low Env_Responsibility
IYR,Neutral Env_Responsibility
IYT,Neutral Env_Responsibility
IYW,High Env_Responsibility
IYY,High Env_Responsibility
IYZ,High Env_Responsibility
JAGG,Neutral Env_Responsibility
JCTR,High Env_Responsibility
JDIV,Low Env_Responsibility
JEPI,Neutral Env_Responsibility
JETS,High Env_Responsibility
JGLD,Low Env_Responsibility
JHCS,High Env_Responsibility
JHEM,Low Env_Responsibility
JHMA,Low Env_Responsibility
JHMC,High Env_Responsibility
JHMD,Low Env_Responsibility
JHME,Low Env_Responsibility
JHMF,High Env_Responsibility
JHMH,Neutral Env_Responsibility
JHMI,Neutral Env_Responsibility
JHML,High Env_Responsibility
JHMM,Neutral Env_Responsibility
JHMS,Low Env_Responsibility
JHMT,High Env_Responsibility
JHMU,Low Env_Responsibility
JHSC,Neutral Env_Responsibility
JIG,Neutral Env_Responsibility
JIGB,Neutral Env_Responsibility
JMIN,Low Env_Responsibility
JMOM,High Env_Responsibility
JNK,Neutral Env_Responsibility
JNUG,Low Env_Responsibility
JOET,High Env_Responsibility
JPEM,Low Env_Responsibility
JPHY,Neutral Env_Responsibility
JPIN,Low Env_Responsibility
JPMB,Neutral Env_Responsibility
JPME,Neutral Env_Responsibility
JPN,Neutral Env_Responsibility
JPSE,Neutral Env_Responsibility
JPST,Neutral Env_Responsibility
JPUS,Neutral Env_Responsibility
JPXN,Neutral Env_Responsibility
JQUA,High Env_Responsibility
JSMD,High Env_Responsibility
JSML,Neutral Env_Responsibility
JSTC,High Env_Responsibility
JUST,High Env_Responsibility
JVAL,Neutral Env_Responsibility
JXI,Low Env_Responsibility
KALL,High Env_Responsibility
KARS,High Env_Responsibility
KBA,Neutral Env_Responsibility
KBE,High Env_Responsibility
KBUY,Low Env_Responsibility
KBWB,High Env_Responsibility
KBWP,High Env_Responsibility
KBWR,High Env_Responsibility
KBWY,Neutral Env_Responsibility
KCCB,Neutral Env_Responsibility
KCE,High Env_Responsibility
KDFI,Neutral Env_Responsibility
KEMQ,High Env_Responsibility
KEMX,Low Env_Responsibility
KESG,High Env_Responsibility
KFVG,Neutral Env_Responsibility
KFYP,Neutral Env_Responsibility
KGRN,High Env_Responsibility
KIE,High Env_Responsibility
KLCD,Neutral Env_Responsibility
KLDW,Neutral Env_Responsibility
KMED,Neutral Env_Responsibility
KNG,Low Env_Responsibility
KNGS,Neutral Env_Responsibility
KOIN,High Env_Responsibility
KOKU,High Env_Responsibility
KOMP,High Env_Responsibility
KORP,Neutral Env_Responsibility
KORU,Neutral Env_Responsibility
KRE,High Env_Responsibility
KRMA,Neutral Env_Responsibility
KSA,Low Env_Responsibility
KSCD,Neutral Env_Responsibility
KURE,Neutral Env_Responsibility
KVLE,Neutral Env_Responsibility
KWEB,High Env_Responsibility
KWT,Low Env_Responsibility
KXI,Low Env_Responsibility
LABU,Neutral Env_Responsibility
LBAY,Low Env_Responsibility
LCR,Neutral Env_Responsibility
LDEM,Low Env_Responsibility
LDRS,Neutral Env_Responsibility
LDUR,Neutral Env_Responsibility
LEAD,High Env_Responsibility
LEGR,High Env_Responsibility
LEND,High Env_Responsibility
LFEQ,High Env_Responsibility
LGH,High Env_Responsibility
LGLV,Neutral Env_Responsibility
LIT,High Env_Responsibility
LIV,High Env_Responsibility
LKOR,Low Env_Responsibility
LNGR,Neutral Env_Responsibility
LOUP,High Env_Responsibility
LOWC,High Env_Responsibility
LQD,Neutral Env_Responsibility
LQDH,Neutral Env_Responsibility
LQDI,Neutral Env_Responsibility
LRGE,High Env_Responsibility
LRGF,Neutral Env_Responsibility
LRNZ,High Env_Responsibility
LSAF,High Env_Responsibility
LSAT,Neutral Env_Responsibility
LSLT,Neutral Env_Responsibility
LTL,High Env_Responsibility
LUXE,Neutral Env_Responsibility
LVHD,Neutral Env_Responsibility
LVHI,Low Env_Responsibility
LYFE,Neutral Env_Responsibility
MAGA,Low Env_Responsibility
MCHI,High Env_Responsibility
MCRO,Neutral Env_Responsibility
MDIV,Neutral Env_Responsibility
MDY,Neutral Env_Responsibility
MDYG,Neutral Env_Responsibility
MDYV,Neutral Env_Responsibility
MEXX,Low Env_Responsibility
MFDX,Low Env_Responsibility
MFEM,Low Env_Responsibility
MFMS,High Env_Responsibility
MFUS,Neutral Env_Responsibility
MGC,High Env_Responsibility
MGK,High Env_Responsibility
MGMT,Neutral Env_Responsibility
MGV,Neutral Env_Responsibility
MIDF,Neutral Env_Responsibility
MIDU,Neutral Env_Responsibility
MILN,High Env_Responsibility
MINT,Neutral Env_Responsibility
MJ,Low Env_Responsibility
MLPA,Neutral Env_Responsibility
MLPX,Neutral Env_Responsibility
MMLG,High Env_Responsibility
MMTM,High Env_Responsibility
MNA,High Env_Responsibility
MOAT,Neutral Env_Responsibility
MOO,Low Env_Responsibility
MOON,High Env_Responsibility
MORT,High Env_Responsibility
MOTI,Neutral Env_Responsibility
MOTO,High Env_Responsibility
MSTB,Neutral Env_Responsibility
MSVX,Neutral Env_Responsibility
MTUM,High Env_Responsibility
MVV,Neutral Env_Responsibility
MXDU,Neutral Env_Responsibility
MXI,Low Env_Responsibility
NACP,High Env_Responsibility
NANR,Low Env_Responsibility
NEAR,Neutral Env_Responsibility
NERD,High Env_Responsibility
NETL,Neutral Env_Responsibility
NFRA,Neutral Env_Responsibility
NFTY,Low Env_Responsibility
NGE,Neutral Env_Responsibility
NIFE,High Env_Responsibility
NLR,Low Env_Responsibility
NOBL,Low Env_Responsibility
NORW,Low Env_Responsibility
NTSX,High Env_Responsibility
NUBD,Neutral Env_Responsibility
NUDM,Neutral Env_Responsibility
NUEM,Low Env_Responsibility
NUGT,Low Env_Responsibility
NUHY,Neutral Env_Responsibility
NULC,High Env_Responsibility
NULG,High Env_Responsibility
NULV,Neutral Env_Responsibility
NUMG,High Env_Responsibility
NUMV,Neutral Env_Responsibility
NURE,Neutral Env_Responsibility
NUSA,Neutral Env_Responsibility
NUSC,Neutral Env_Responsibility
NUSI,High Env_Responsibility
NVQ,Neutral Env_Responsibility
NXTG,High Env_Responsibility
OBOR,Low Env_Responsibility
OCIO,Neutral Env_Responsibility
OEF,High Env_Responsibility
OEUR,Low Env_Responsibility
OGIG,High Env_Responsibility
OIH,Neutral Env_Responsibility
OLD,Neutral Env_Responsibility
OMFL,Neutral Env_Responsibility
OMFS,Neutral Env_Responsibility
ONEO,Neutral Env_Responsibility
ONEQ,High Env_Responsibility
ONEV,Neutral Env_Responsibility
ONEY,Neutral Env_Responsibility
ONLN,High Env_Responsibility
OSCV,Neutral Env_Responsibility
OUSA,Low Env_Responsibility
OUSM,High Env_Responsibility
OVB,Neutral Env_Responsibility
OVF,Neutral Env_Responsibility
OVL,High Env_Responsibility
OVS,Neutral Env_Responsibility
PALC,Neutral Env_Responsibility
PAMC,Neutral Env_Responsibility
PAVE,Neutral Env_Responsibility
PAWZ,Neutral Env_Responsibility
PBD,High Env_Responsibility
PBDM,Low Env_Responsibility
PBE,Neutral Env_Responsibility
PBEE,Low Env_Responsibility
PBJ,Low Env_Responsibility
PBND,Neutral Env_Responsibility
PBP,High Env_Responsibility
PBS,High Env_Responsibility
PBSM,Neutral Env_Responsibility
PBTP,Neutral Env_Responsibility
PBUS,High Env_Responsibility
PDEV,Low Env_Responsibility
PDN,Neutral Env_Responsibility
PDP,High Env_Responsibility
PEJ,Neutral Env_Responsibility
PEXL,Neutral Env_Responsibility
PEY,Low Env_Responsibility
PFF,High Env_Responsibility
PFFA,Neutral Env_Responsibility
PFFD,High Env_Responsibility
PFFR,Neutral Env_Responsibility
PFFV,High Env_Responsibility
PFI,High Env_Responsibility
PFIG,Neutral Env_Responsibility
PFLD,High Env_Responsibility
PFM,Neutral Env_Responsibility
PFXF,Neutral Env_Responsibility
PGAL,High Env_Responsibility
PGF,High Env_Responsibility
PGHY,Low Env_Responsibility
PGJ,High Env_Responsibility
PGX,High Env_Responsibility
PHB,Low Env_Responsibility
PHO,Neutral Env_Responsibility
PHYL,Neutral Env_Responsibility
PICB,Neutral Env_Responsibility
PICK,Low Env_Responsibility
PID,Neutral Env_Responsibility
PIE,Low Env_Responsibility
PILL,Neutral Env_Responsibility
PIN,Low Env_Responsibility
PIO,Neutral Env_Responsibility
PIZ,Neutral Env_Responsibility
PJP,Neutral Env_Responsibility
PKB,Neutral Env_Responsibility
PKW,High Env_Responsibility
PLAT,High Env_Responsibility
PNQI,High Env_Responsibility
PPA,High Env_Responsibility
PPH,Neutral Env_Responsibility
PPTY,Neutral Env_Responsibility
PQDI,High Env_Responsibility
PQIN,Neutral Env_Responsibility
PQLC,Neutral Env_Responsibility
PQSG,Neutral Env_Responsibility
PREF,High Env_Responsibility
PRF,Neutral Env_Responsibility
PRFZ,Neutral Env_Responsibility
PRN,High Env_Responsibility
PRNT,Neutral Env_Responsibility
PSC,Neutral Env_Responsibility
PSCC,Low Env_Responsibility
PSCD,High Env_Responsibility
PSCE,Low Env_Responsibility
PSCF,High Env_Responsibility
PSCH,Neutral Env_Responsibility
PSCI,Neutral Env_Responsibility
PSCM,Low Env_Responsibility
PSCT,Neutral Env_Responsibility
PSCU,High Env_Responsibility
PSET,Neutral Env_Responsibility
PSI,Neutral Env_Responsibility
PSJ,High Env_Responsibility
PSK,High Env_Responsibility
PSL,Neutral Env_Responsibility
PSMB,Neutral Env_Responsibility
PSMC,Neutral Env_Responsibility
PSMG,Neutral Env_Responsibility
PSMM,Neutral Env_Responsibility
PSP,High Env_Responsibility
PSR,Neutral Env_Responsibility
PTBD,Neutral Env_Responsibility
PTEU,Low Env_Responsibility
PTF,High Env_Responsibility
PTH,Neutral Env_Responsibility
PTIN,Low Env_Responsibility
PTLC,High Env_Responsibility
PTMC,Neutral Env_Responsibility
PTNQ,Neutral Env_Responsibility
PUI,Low Env_Responsibility
PWB,High Env_Responsibility
PWC,High Env_Responsibility
PWS,Low Env_Responsibility
PWV,Neutral Env_Responsibility
PXE,Low Env_Responsibility
PXF,Low Env_Responsibility
PXH,Low Env_Responsibility
PXI,Low Env_Responsibility
PXJ,Neutral Env_Responsibility
PXQ,High Env_Responsibility
PY,High Env_Responsibility
PYZ,Low Env_Responsibility
QABA,High Env_Responsibility
QAI,Neutral Env_Responsibility
QARP,Neutral Env_Responsibility
QCLN,High Env_Responsibility
QDEF,High Env_Responsibility
QDF,High Env_Responsibility
QDIV,Neutral Env_Responsibility
QDYN,High Env_Responsibility
QED,Neutral Env_Responsibility
QEFA,Low Env_Responsibility
QEMM,Low Env_Responsibility
QGRO,High Env_Responsibility
QINT,Neutral Env_Responsibility
QLC,High Env_Responsibility
QLD,High Env_Responsibility
QLS,Neutral Env_Responsibility
QLTA,Neutral Env_Responsibility
QLV,Neutral Env_Responsibility
QLVD,Neutral Env_Responsibility
QLVE,Low Env_Responsibility
QMJ,Neutral Env_Responsibility
QMN,Neutral Env_Responsibility
QMOM,High Env_Responsibility
QQC,High Env_Responsibility
QQD,High Env_Responsibility
QQEW,High Env_Responsibility
QQH,High Env_Responsibility
QQQ,High Env_Responsibility
QQQE,High Env_Responsibility
QQQJ,High Env_Responsibility
QQQM,High Env_Responsibility
QQQN,High Env_Responsibility
QQXT,High Env_Responsibility
QRFT,High Env_Responsibility
QSY,Neutral Env_Responsibility
QTEC,High Env_Responsibility
QTUM,High Env_Responsibility
QUAL,Neutral Env_Responsibility
QUS,Neutral Env_Responsibility
QVAL,Neutral Env_Responsibility
QWLD,Neutral Env_Responsibility
QYLD,High Env_Responsibility
QYLG,High Env_Responsibility
RAFE,Neutral Env_Responsibility
RALS,Neutral Env_Responsibility
RAVI,Neutral Env_Responsibility
RBUS,Neutral Env_Responsibility
RCD,Neutral Env_Responsibility
RDIV,Neutral Env_Responsibility
RDOG,Neutral Env_Responsibility
RDVY,High Env_Responsibility
RECS,High Env_Responsibility
REET,Neutral Env_Responsibility
REGL,Neutral Env_Responsibility
REM,High Env_Responsibility
REMX,Low Env_Responsibility
RESD,Neutral Env_Responsibility
RESE,Low Env_Responsibility
RESP,High Env_Responsibility
RETL,High Env_Responsibility
REVS,Neutral Env_Responsibility
REZ,Neutral Env_Responsibility
RFAP,Low Env_Responsibility
RFCI,Neutral Env_Responsibility
RFDA,High Env_Responsibility
RFDI,Neutral Env_Responsibility
RFEM,Low Env_Responsibility
RFEU,Neutral Env_Responsibility
RFFC,High Env_Responsibility
RFG,Neutral Env_Responsibility
RFUN,Neutral Env_Responsibility
RFV,Neutral Env_Responsibility
RGI,Neutral Env_Responsibility
RHS,Low Env_Responsibility
RIGS,Low Env_Responsibility
RING,Low Env_Responsibility
RISN,Neutral Env_Responsibility
RLY,Low Env_Responsibility
RNDM,Neutral Env_Responsibility
RNDV,Neutral Env_Responsibility
RNEM,Low Env_Responsibility
RNLC,Neutral Env_Responsibility
RNMC,Neutral Env_Responsibility
RNRG,High Env_Responsibility
RNSC,Neutral Env_Responsibility
ROAM,Low Env_Responsibility
ROBO,High Env_Responsibility
ROBT,High Env_Responsibility
RODE,Low Env_Responsibility
RODM,Neutral Env_Responsibility
ROKT,High Env_Responsibility
ROM,High Env_Responsibility
ROMO,Neutral Env_Responsibility
ROOF,Neutral Env_Responsibility
ROSC,Neutral Env_Responsibility
ROUS,High Env_Responsibility
RPAR,Neutral Env_Responsibility
RPG,High Env_Responsibility
RPV,Neutral Env_Responsibility
RSP,Neutral Env_Responsibility
RSX,Low Env_Responsibility
RTH,High Env_Responsibility
RTM,Low Env_Responsibility
RUSL,Neutral Env_Responsibility
RVRS,Neutral Env_Responsibility
RWGV,High Env_Responsibility
RWJ,High Env_Responsibility
RWK,Neutral Env_Responsibility
RWL,Neutral Env_Responsibility
RWO,Neutral Env_Responsibility
RWR,Neutral Env_Responsibility
RWVG,Neutral Env_Responsibility
RWX,Neutral Env_Responsibility
RXI,High Env_Responsibility
RXL,Neutral Env_Responsibility
RYE,Low Env_Responsibility
RYF,High Env_Responsibility
RYH,Neutral Env_Responsibility
RYJ,High Env_Responsibility
RYLD,Neutral Env_Responsibility
RYT,High Env_Responsibility
RYU,Low Env_Responsibility
RZG,Neutral Env_Responsibility
RZV,Neutral Env_Responsibility
SAA,Neutral Env_Responsibility
SBIO,Neutral Env_Responsibility
SCHA,Neutral Env_Responsibility
SCHB,High Env_Responsibility
SCHC,Neutral Env_Responsibility
SCHD,Low Env_Responsibility
SCHE,Low Env_Responsibility
SCHF,Low Env_Responsibility
SCHG,High Env_Responsibility
SCHH,Neutral Env_Responsibility
SCHI,Neutral Env_Responsibility
SCHJ,Neutral Env_Responsibility
SCHK,High Env_Responsibility
SCHM,Neutral Env_Responsibility
SCHO,Neutral Env_Responsibility
SCHP,Neutral Env_Responsibility
SCHQ,Neutral Env_Responsibility
SCHV,Neutral Env_Responsibility
SCHX,High Env_Responsibility
SCHZ,Neutral Env_Responsibility
SCJ,Neutral Env_Responsibility
SCZ,Neutral Env_Responsibility
SDEI,Neutral Env_Responsibility
SDEM,Low Env_Responsibility
SDG,High Env_Responsibility
SDGA,Neutral Env_Responsibility
SDIV,Low Env_Responsibility
SDOG,Neutral Env_Responsibility
SDVY,Neutral Env_Responsibility
SDY,Low Env_Responsibility
SECT,Neutral Env_Responsibility
SFHY,Neutral Env_Responsibility
SFIG,Neutral Env_Responsibility
SFY,High Env_Responsibility
SFYF,High Env_Responsibility
SFYX,Neutral Env_Responsibility
SGDJ,Low Env_Responsibility
SGDM,Low Env_Responsibility
SHAG,Neutral Env_Responsibility
SHE,High Env_Responsibility
SHLD,High Env_Responsibility
SHYG,Neutral Env_Responsibility
SHYL,Neutral Env_Responsibility
SIL,Low Env_Responsibility
SILJ,Low Env_Responsibility
SIMS,Neutral Env_Responsibility
SIXA,Neutral Env_Responsibility
SIXH,Neutral Env_Responsibility
SIXL,Neutral Env_Responsibility
SIXS,Neutral Env_Responsibility
SIZE,Neutral Env_Responsibility
SJNK,Neutral Env_Responsibility
SKOR,Neutral Env_Responsibility
SKYU,High Env_Responsibility
SKYY,High Env_Responsibility
SLQD,Neutral Env_Responsibility
SLT,High Env_Responsibility
SLVP,Low Env_Responsibility
SLX,Low Env_Responsibility
SLY,Neutral Env_Responsibility
SLYG,Neutral Env_Responsibility
SLYV,Neutral Env_Responsibility
SMCP,Neutral Env_Responsibility
SMDV,Neutral Env_Responsibility
SMDY,Neutral Env_Responsibility
SMEZ,Neutral Env_Responsibility
SMH,Neutral Env_Responsibility
SMLF,Neutral Env_Responsibility
SMLV,Neutral Env_Responsibility
SMMD,Neutral Env_Responsibility
SMMV,Neutral Env_Responsibility
SMOG,High Env_Responsibility
SNPE,High Env_Responsibility
SNSR,Neutral Env_Responsibility
SNUG,Low Env_Responsibility
SOCL,High Env_Responsibility
SOXL,Neutral Env_Responsibility
SOXS,Neutral Env_Responsibility
SOXX,Neutral Env_Responsibility
SPAB,Neutral Env_Responsibility
SPBO,Neutral Env_Responsibility
SPD,High Env_Responsibility
SPDV,Neutral Env_Responsibility
SPDW,Low Env_Responsibility
SPEM,Low Env_Responsibility
SPEU,Low Env_Responsibility
SPFF,High Env_Responsibility
SPGM,Neutral Env_Responsibility
SPGP,High Env_Responsibility
SPHB,Low Env_Responsibility
SPHD,Low Env_Responsibility
SPHQ,Neutral Env_Responsibility
SPHY,Neutral Env_Responsibility
SPIB,Neutral Env_Responsibility
SPIP,Neutral Env_Responsibility
SPLB,Neutral Env_Responsibility
SPLG,High Env_Responsibility
SPLV,Neutral Env_Responsibility
SPMD,Neutral Env_Responsibility
SPMO,High Env_Responsibility
SPMV,Neutral Env_Responsibility
SPRE,Neutral Env_Responsibility
SPSB,Neutral Env_Responsibility
SPSK,Low Env_Responsibility
SPSM,Neutral Env_Responsibility
SPTI,Neutral Env_Responsibility
SPTM,High Env_Responsibility
SPTS,Neutral Env_Responsibility
SPUC,High Env_Responsibility
SPUS,High Env_Responsibility
SPUU,High Env_Responsibility
SPVM,Neutral Env_Responsibility
SPVU,Neutral Env_Responsibility
SPXB,Neutral Env_Responsibility
SPXE,High Env_Responsibility
SPXL,Neutral Env_Responsibility
SPXN,High Env_Responsibility
SPXT,High Env_Responsibility
SPXV,High Env_Responsibility
SPY,High Env_Responsibility
SPYC,High Env_Responsibility
SPYD,Neutral Env_Responsibility
SPYG,High Env_Responsibility
SPYV,Neutral Env_Responsibility
SPYX,High Env_Responsibility
SQEW,Neutral Env_Responsibility
SQLV,Neutral Env_Responsibility
SRET,Neutral Env_Responsibility
SRVR,High Env_Responsibility
SSLY,Neutral Env_Responsibility
SSO,High Env_Responsibility
SSPY,Neutral Env_Responsibility
STLC,High Env_Responsibility
STLG,High Env_Responsibility
STLV,Neutral Env_Responsibility
STMB,High Env_Responsibility
STSB,Neutral Env_Responsibility
SUSA,High Env_Responsibility
SUSB,High Env_Responsibility
SUSC,Neutral Env_Responsibility
SUSL,High Env_Responsibility
SVAL,Neutral Env_Responsibility
SWAN,Neutral Env_Responsibility
SYE,Neutral Env_Responsibility
SYG,High Env_Responsibility
SYLD,Neutral Env_Responsibility
SYV,Neutral Env_Responsibility
SZNE,Low Env_Responsibility
TAAG,Neutral Env_Responsibility
TACE,Neutral Env_Responsibility
TADS,Neutral Env_Responsibility
TAEQ,Neutral Env_Responsibility
TAN,High Env_Responsibility
TCHP,High Env_Responsibility
TCTL,Neutral Env_Responsibility
TDIV,High Env_Responsibility
TDSA,Neutral Env_Responsibility
TDSB,High Env_Responsibility
TDSC,High Env_Responsibility
TDSD,High Env_Responsibility
TDSE,High Env_Responsibility
TDV,Neutral Env_Responsibility
TDVG,Neutral Env_Responsibility
TECB,High Env_Responsibility
TECL,High Env_Responsibility
TEGS,Neutral Env_Responsibility
TEQI,High Env_Responsibility
TERM,Neutral Env_Responsibility
TFIV,Neutral Env_Responsibility
TFLT,Neutral Env_Responsibility
TGRW,High Env_Responsibility
THD,Low Env_Responsibility
THNQ,High Env_Responsibility
THY,Neutral Env_Responsibility
TILT,High Env_Responsibility
TIPX,Neutral Env_Responsibility
TLTD,Low Env_Responsibility
TLTE,Low Env_Responsibility
TMDV,Low Env_Responsibility
TMF,Neutral Env_Responsibility
TMFC,High Env_Responsibility
TNA,Neutral Env_Responsibility
TOK,High Env_Responsibility
TOKE,Low Env_Responsibility
TOLZ,High Env_Responsibility
TPAY,High Env_Responsibility
TPHD,Low Env_Responsibility
TPIF,Neutral Env_Responsibility
TPLC,Neutral Env_Responsibility
TPOR,Neutral Env_Responsibility
TPSC,Neutral Env_Responsibility
TPYP,Neutral Env_Responsibility
TQQQ,High Env_Responsibility
TRND,Neutral Env_Responsibility
TRTY,Neutral Env_Responsibility
TTAC,High Env_Responsibility
TUR,Low Env_Responsibility
TUSA,Neutral Env_Responsibility
TYD,Neutral Env_Responsibility
UAE,Low Env_Responsibility
UBOT,Neutral Env_Responsibility
UCC,High Env_Responsibility
UDOW,Neutral Env_Responsibility
UEVM,Low Env_Responsibility
UFO,High Env_Responsibility
UGE,High Env_Responsibility
UITB,Neutral Env_Responsibility
UIVM,Low Env_Responsibility
ULST,Neutral Env_Responsibility
ULVM,Neutral Env_Responsibility
UMDD,Neutral Env_Responsibility
UPRO,Neutral Env_Responsibility
UPW,Low Env_Responsibility
URE,Neutral Env_Responsibility
URTH,High Env_Responsibility
USAI,Neutral Env_Responsibility
USD,Neutral Env_Responsibility
USEQ,Neutral Env_Responsibility
USHY,Neutral Env_Responsibility
USI,Neutral Env_Responsibility
USIG,Neutral Env_Responsibility
USLB,Neutral Env_Responsibility
USMC,High Env_Responsibility
USMF,High Env_Responsibility
USMV,Neutral Env_Responsibility
USRT,Neutral Env_Responsibility
USSG,High Env_Responsibility
USVM,Neutral Env_Responsibility
USXF,High Env_Responsibility
UTES,High Env_Responsibility
UTRN,Neutral Env_Responsibility
UTSL,Low Env_Responsibility
UWM,Neutral Env_Responsibility
UXI,Neutral Env_Responsibility
UYG,Neutral Env_Responsibility
UYM,Low Env_Responsibility
VALQ,Neutral Env_Responsibility
VALT,Neutral Env_Responsibility
VAMO,Neutral Env_Responsibility
VAW,Low Env_Responsibility
VB,Neutral Env_Responsibility
VBK,Neutral Env_Responsibility
VBND,Neutral Env_Responsibility
VBR,Neutral Env_Responsibility
VCAR,High Env_Responsibility
VCEB,High Env_Responsibility
VCIT,Neutral Env_Responsibility
VCLO,High Env_Responsibility
VCLT,Neutral Env_Responsibility
VCR,High Env_Responsibility
VCSH,Neutral Env_Responsibility
VDC,Low Env_Responsibility
VDE,Low Env_Responsibility
VEA,Low Env_Responsibility
VEGA,Neutral Env_Responsibility
VEGI,Low Env_Responsibility
VEGN,High Env_Responsibility
VETS,Neutral Env_Responsibility
VEU,Low Env_Responsibility
VFH,High Env_Responsibility
VFIN,High Env_Responsibility
VFLQ,Neutral Env_Responsibility
VFMF,Neutral Env_Responsibility
VFMO,High Env_Responsibility
VFMV,High Env_Responsibility
VFQY,High Env_Responsibility
VFVA,Neutral Env_Responsibility
VGK,Low Env_Responsibility
VGT,High Env_Responsibility
VHT,Neutral Env_Responsibility
VIDI,Low Env_Responsibility
VIG,High Env_Responsibility
VIGI,Neutral Env_Responsibility
VIOG,Neutral Env_Responsibility
VIOO,Neutral Env_Responsibility
VIOV,Neutral Env_Responsibility
VIRS,Neutral Env_Responsibility
VIS,Neutral Env_Responsibility
VLU,Neutral Env_Responsibility
VLUE,Neutral Env_Responsibility
VMOT,Neutral Env_Responsibility
VNLA,Neutral Env_Responsibility
VNMC,Neutral Env_Responsibility
VNQ,Neutral Env_Responsibility
VNQI,Neutral Env_Responsibility
VO,Neutral Env_Responsibility
VOE,Low Env_Responsibility
VONE,High Env_Responsibility
VONG,High Env_Responsibility
VONV,Neutral Env_Responsibility
VOO,High Env_Responsibility
VOOG,High Env_Responsibility
VOOV,Neutral Env_Responsibility
VOT,High Env_Responsibility
VOX,High Env_Responsibility
VPL,Neutral Env_Responsibility
VPN,High Env_Responsibility
VPOP,High Env_Responsibility
VPU,Low Env_Responsibility
VRAI,Neutral Env_Responsibility
VRP,High Env_Responsibility
VSDA,Neutral Env_Responsibility
VSGX,Neutral Env_Responsibility
VSL,Neutral Env_Responsibility
VSMV,Neutral Env_Responsibility
VSS,Neutral Env_Responsibility
VT,Neutral Env_Responsibility
VTC,Neutral Env_Responsibility
VTHR,High Env_Responsibility
VTI,High Env_Responsibility
VTRN,Neutral Env_Responsibility
VTV,Neutral Env_Responsibility
VTWG,Neutral Env_Responsibility
VTWO,Neutral Env_Responsibility
VTWV,Neutral Env_Responsibility
VUG,High Env_Responsibility
VUSE,Neutral Env_Responsibility
VV,High Env_Responsibility
VWID,Low Env_Responsibility
VWO,Low Env_Responsibility
VWOB,Neutral Env_Responsibility
VXF,Neutral Env_Responsibility
VXUS,Low Env_Responsibility
VYM,Neutral Env_Responsibility
VYMI,Low Env_Responsibility
WANT,High Env_Responsibility
WBIE,Neutral Env_Responsibility
WBIF,Neutral Env_Responsibility
WBIG,Neutral Env_Responsibility
WBII,Low Env_Responsibility
WBIL,High Env_Responsibility
WBIN,Neutral Env_Responsibility
WBIT,Neutral Env_Responsibility
WBIY,Neutral Env_Responsibility
WCLD,High Env_Responsibility
WDIV,Neutral Env_Responsibility
WEBL,High Env_Responsibility
WEBS,Neutral Env_Responsibility
WFH,High Env_Responsibility
WFHY,Neutral Env_Responsibility
WFIG,Neutral Env_Responsibility
WINC,Neutral Env_Responsibility
WIP,Neutral Env_Responsibility
WIZ,Low Env_Responsibility
WLDR,Neutral Env_Responsibility
WOMN,High Env_Responsibility
WOOD,Low Env_Responsibility
WPS,Neutral Env_Responsibility
WUGI,High Env_Responsibility
WWJD,Neutral Env_Responsibility
WWOW,High Env_Responsibility
XAR,High Env_Responsibility
XBI,Neutral Env_Responsibility
XCEM,Low Env_Responsibility
XES,Neutral Env_Responsibility
XHB,Neutral Env_Responsibility
XHE,High Env_Responsibility
XHS,Neutral Env_Responsibility
XITK,High Env_Responsibility
XJH,Neutral Env_Responsibility
XJR,Neutral Env_Responsibility
XLB,Low Env_Responsibility
XLC,High Env_Responsibility
XLE,Low Env_Responsibility
XLF,High Env_Responsibility
XLG,High Env_Responsibility
XLI,Neutral Env_Responsibility
XLK,High Env_Responsibility
XLP,Low Env_Responsibility
XLRE,Neutral Env_Responsibility
XLSR,High Env_Responsibility
XLU,Low Env_Responsibility
XLV,Neutral Env_Responsibility
XLY,High Env_Responsibility
XME,Low Env_Responsibility
XMHQ,Neutral Env_Responsibility
XMLV,Neutral Env_Responsibility
XMMO,Neutral Env_Responsibility
XMVM,Neutral Env_Responsibility
XNTK,High Env_Responsibility
XOP,Low Env_Responsibility
XPH,Neutral Env_Responsibility
XRLV,Neutral Env_Responsibility
XRT,High Env_Responsibility
XSD,Neutral Env_Responsibility
XSHD,Neutral Env_Responsibility
XSHQ,Neutral Env_Responsibility
XSLV,Neutral Env_Responsibility
XSMO,Neutral Env_Responsibility
XSOE,Low Env_Responsibility
XSVM,High Env_Responsibility
XSW,High Env_Responsibility
XT,High Env_Responsibility
XTL,High Env_Responsibility
XTN,High Env_Responsibility
XVV,High Env_Responsibility
XWEB,High Env_Responsibility
XYLD,High Env_Responsibility
XYLG,High Env_Responsibility
YINN,Neutral Env_Responsibility
YLD,Neutral Env_Responsibility
YLDE,Neutral Env_Responsibility
ZCAN,Neutral Env_Responsibility
ZDEU,Low Env_Responsibility
ZGBR,Low Env_Responsibility
ZHOK,Neutral Env_Responsibility
ZIG,Neutral Env_Responsibility
ZJPN,Neutral Env_Responsibility
